ID$,SHAPE$,LEFT$,TOP$,RIGHT$,BOTTOM$,Ǘpԍ,sR[h,nԍEWnԍiŐVNj,nEn̕,pr,݁isj,݁i厚ȍ~j,݁iZ\j,oxiEnnj,ܓxiEnnj,5Ni1993j,6Ni1994j,7Ni1995j,8Ni1996j,9Ni1997j,10Ni1998j,11Ni1999j,12Ni2000j,13Ni2001j,14Ni2002j,15Ni2003j,16Ni2004j,17Ni2005j,18Ni2006j,19Ni2007j,20Ni2008j,21Ni2009j,22Ni2010j,23Ni2011j,24Ni2012j,25Ni2013j,26Ni2014j,27Ni2015j,28Ni2016j,nԍ_Wnԍ_ŐVN
1,1135.1432771104634.2640795834353,135.14327711046,34.2640795834353,135.14327711046,34.2640795834353,22,302015,yza̎R()-22(24Np~),n(p~n_),Z,a̎Rs,{RQWԂT,,135.143289,34.26409088,115000,115000,115000,112000,111000,107000,97000,89000,83200,75500,67600,60500,54500,51200,48100,48100,46900,46000,45100,,,,,,
2,1135.07944653443934.2733284834158,135.079446534439,34.2733284834158,135.079446534439,34.2733284834158,27,302015,yza̎R()-27(22Np~),n(p~n_),Z,a̎Rs,m؂VSUԂUP,,135.0794562,34.27334071,99500,99500,99500,98000,96500,92600,84500,78400,73300,68200,63000,58200,54000,51800,49700,48000,45500,,,,,,,,
3,1135.1720019605434.2161581364814,135.17200196054,34.2161581364814,135.17200196054,34.2161581364814,28,302015,yza̎R()-28(25Np~),n(p~n_),Z,a̎Rs,SڂUԂPT,S|Q|RP,135.1720139,34.21616873,350000,340000,326000,309000,287000,260000,235000,223000,212000,201000,190000,180000,178000,178000,178000,178000,176000,173000,171000,171000,,,,,
4,1135.19302626896334.2496233521307,135.193026268963,34.2496233521307,135.193026268963,34.2496233521307,32,302015,yza̎R()-32(22Np~),n(p~n_),Z,a̎Rs,L{ĖTVVԂRS,,135.1930391,34.24963433,144000,144000,142000,141000,140000,136000,128000,118000,114000,108000,101000,96000,91000,85000,83300,78300,72900,,,,,,,,
5,1135.11956841098234.2594855635713,135.119568410982,34.2594855635713,135.119568410982,34.2594855635713,33,302015,yza̎R()-33(23Np~),n(p~n_),Z,a̎Rs,cQTOԂU,,135.1195799,34.25949697,,,,,134000,123000,110000,100000,91500,84300,78800,71300,65700,63200,61900,60500,58500,56200,,,,,,,
6,1135.19818915884734.2701741441445,135.198189158847,34.2701741441445,135.198189158847,34.2701741441445,34,302015,yza̎R()-34(22Np~),n(p~n_),Z,a̎Rs,JPUPRԂVR,,135.1982025,34.27018572,113000,113000,112000,112000,110000,98500,86800,81000,75300,66500,58000,53000,48400,45500,42000,40000,38500,,,,,,,,
7,1135.12566990453334.2592237348521,135.125669904533,34.2592237348521,135.125669904533,34.2592237348521,35,302015,yza̎R()-35(22Np~),n(p~n_),Z,a̎Rs,؃m{ڂQXTԂX,,135.1256815,34.25923509,130000,130000,130000,128000,124000,115000,104000,94000,85000,80000,74000,68000,61000,57300,56000,55500,53800,,,,,,,,
8,1135.14218563801434.2524688700791,135.142185638014,34.2524688700791,135.142185638014,34.2524688700791,36,302015,yza̎R()-36(22Np~),n(p~n_),Z,a̎Rs,y]cQWԂPX,,135.1421973,34.25248003,,,,148000,143000,137000,124000,115000,106000,98000,90800,84000,77700,73800,73800,71000,68500,,,,,,,,
9,1135.1796533287334.252793684767,135.17965332873,34.252793684767,135.17965332873,34.252793684767,37,302015,yza̎R()-37(22Np~),n(p~n_),Z,a̎Rs,DmRԂPP,,135.179666,34.25280469,122000,122000,121000,121000,116000,111000,98600,91000,85300,80700,77500,74000,70000,67700,65500,63500,61500,,,,,,,,
10,1135.24788316587534.2692166992882,135.247883165875,34.2692166992882,135.247883165875,34.2692166992882,52,302015,yza̎R()5-11(22Np~),n(p~n_),,a̎Rs,k쎚ROUԂV,,135.2478971,34.26922845,,,,,,135000,122000,115000,109000,102000,96000,88300,81200,76500,74000,72400,70000,,,,,,,,
11,1135.16967138431134.1979290412984,135.169671384311,34.1979290412984,135.169671384311,34.1979290412984,53,302015,yza̎R()5-12(22Np~),n(p~n_),,a̎Rs,ảYPڂRWTԂS,ảYP|P|PS,135.1696831,34.19793985,389000,358000,305000,262000,230000,207000,190000,178000,165000,154000,143000,132000,121000,115000,110000,108000,105000,,,,,,,,
12,1135.17782471330934.1882295445785,135.177824713309,34.1882295445785,135.177824713309,34.1882295445785,54,302015,yza̎R()5-13(22Np~),n(p~n_),,a̎Rs,ảYRڂUSVԂQO,ảYR|T|TP,135.1778365,34.18824031,,,,,,,,,,154000,141000,131000,121000,118000,115000,114000,110000,,,,,,,,
13,1135.18265576942434.230895233556,135.182655769424,34.230895233556,135.182655769424,34.230895233556,58,302015,yza̎R()5-17(22Np~),n(p~n_),,a̎Rs,ъvQQ,,135.1826681,34.23090575,,,,,570000,501000,432000,389000,346000,305000,273000,240000,220000,207000,207000,205000,200000,,,,,,,,
14,1135.17181649964134.2395290039545,135.171816499641,34.2395290039545,135.171816499641,34.2395290039545,64,302015,yza̎R()7-3(22Np~),n(p~n_),H,a̎Rs,zoRڂP,,135.171829,34.23953968,,,,,,198000,180000,169000,159000,150000,134000,125000,117000,115000,114000,112000,106000,,,,,,,,
15,1135.14718560387134.2704097670952,135.147185603871,34.2704097670952,135.147185603871,34.2704097670952,69,302015,yza̎R()10-4(24Np~),n(p~n_),,a̎Rs,fJTWRԂSP,,135.1471977,34.27042114,,,,,,,,,,,,,,,,62500,61800,60500,60500,,,,,,
16,1135.24587220400434.1729662179106,135.245872204004,34.1729662179106,135.245872204004,34.1729662179106,77,302023,yzC()-8(22Np~),n(p~n_),Z,Cs,mYSRUԂS,,135.2458843,34.17297777,,,,,,,,,,,,48300,45400,43000,40900,39300,38100,,,,,,,,
17,1135.20307048827634.1610536554233,135.203070488276,34.1610536554233,135.203070488276,34.1610536554233,81,302023,yzC()5-1(23Np~),n(p~n_),,Cs,D_PTSԂW,,135.203082,34.16106521,,,,,,,,,,,,108000,100000,94000,89500,86100,82700,79100,,,,,,,
18,1135.3891073077433.7190199011414,135.38910730774,33.7190199011414,135.38910730774,33.7190199011414,115,302066,yzc()-2(25Np~),n(p~n_),Z,cӎs,QڂVRQԂRPS,Q|QO|U,135.3891114,33.71903331,100000,100000,100000,100000,100000,98500,94000,88500,85000,80500,76000,71500,65000,62400,58000,54500,52000,49700,46700,43500,,,,,
19,1135.53132437308233.8978137141131,135.531324373082,33.8978137141131,135.531324373082,33.8978137141131,124,302066,yzc()-11(22Np~),n(p~n_),Z,cӎs,_aVSWP,,135.5313337,33.8978236,3550,3550,3550,3550,3550,3550,3550,3550,3550,3550,3520,3490,3450,3420,3350,3300,3290,,,,,,,,
20,1135.38029082344133.7334357493933,135.380290823441,33.7334357493933,135.380290823441,33.7334357493933,132,302066,yzc()5-1(25Np~),n(p~n_),,cӎs,kVPU,,135.3802954,33.73344909,,300000,288000,282000,278000,266000,234000,209000,179000,150000,132000,119000,108000,98200,91500,84200,78700,70800,63200,60500,,,,,
21,1135.36513227345533.7372817789355,135.365132273455,33.7372817789355,135.365132273455,33.7372817789355,136,302066,yzc()7-1(25Np~),n(p~n_),H,cӎs,̎RPڂPORXԂPP,̎RP|PQ|U,135.3651372,33.73729509,94000,94000,93000,92500,92000,90000,84000,79000,75200,71000,66500,62200,58100,54500,51500,48500,45600,43300,41000,38500,,,,,
22,1135.87754125274933.7978866621947,135.877541252749,33.7978866621947,135.877541252749,33.7978866621947,145,302074,yzV{()5-3(24Np~),n(p~n_),,V{s,F쒬\R{パnPQRԂQO,,135.8775424,33.7978944,22300,22300,22300,22300,22300,21900,21600,21600,20900,20600,20000,19500,19000,18300,17600,16800,16100,15200,14300,,,,,,
23,1135.98855484122933.7104913919692,135.988554841229,33.7104913919692,135.988554841229,33.7104913919692,146,302074,yzV{()7-1(25Np~),n(p~n_),H,V{s,V{cRTUOԂPOO,,135.9885543,33.71049821,,98000,98000,98000,98000,97000,96300,86000,82000,80500,78500,76500,75000,72300,70000,68000,64000,61500,57800,54000,,,,,
24,1135.43389267475334.2751643770416,135.433892674753,34.2751643770416,135.433892674753,34.2751643770416,165,302082,yzI̐()5-3(24Np~),n(p~n_),,I̐s,sꎚCmJUVVԂP,,135.4339057,34.27517355,96000,96000,94000,92000,90200,87500,80000,75000,70500,65000,58500,52700,47500,44000,41300,39500,37000,34200,31500,,,,,,
25,1135.30622815388234.1658523959043,135.306228153882,34.1658523959043,135.306228153882,34.1658523959043,177,303046,yzI()-1(22Np~),n(p~n_),Z,I쒬,؎PPRԂPO,,135.3062401,34.16586359,66600,66600,66600,66600,66600,65900,65500,64800,64100,63100,62100,59500,58500,56300,54000,51500,47800,,,,,,,,
26,1135.54949605790934.1324922035801,135.549496057909,34.1324922035801,135.549496057909,34.1324922035801,188,303411,yz炬()-5(22Np~),n(p~n_),Z,炬,厚ԉVq_VS,,135.5495063,34.1325014,4000,4000,4000,4000,4000,4000,4000,4000,3900,3800,3750,3700,3650,3600,3560,3520,3400,,,,,,,,
27,1135.55918411572134.2869435118876,135.559184115721,34.2869435118876,135.559184115721,34.2869435118876,190,303437,yzxR()-1(22Np~),n(p~n_),Z,xR,厚xRÑ]PQQQԂT,,135.5591975,34.28695129,63000,63000,63000,63000,62000,61000,59000,57500,56400,53000,49000,46000,42400,40000,38800,37800,36500,,,,,,,,
28,1135.55905294421534.2905880934517,135.559052944215,34.2905880934517,135.559052944215,34.2905880934517,193,303437,yzxR()5-1(22Np~),n(p~n_),,xR,厚xR_PSVPԂQ,,135.5590665,34.29059592,95500,95500,93500,93500,93000,92000,88000,84000,80000,75200,68500,63000,57400,52800,49600,47400,45500,,,,,,,,
29,1135.17568202975734.0287029090944,135.175682029757,34.0287029090944,135.175682029757,34.0287029090944,206,303623,yzL()5-1(25Np~),n(p~n_),,L쒬,厚L_YRPWԂPPO,,135.1756917,34.02871741,,,,,,,,,,,,62400,58700,55200,53000,51000,48500,45500,42300,39700,,,,,
30,1135.21919015355834.0609102558022,135.219190153558,34.0609102558022,135.219190153558,34.0609102558022,209,303666,yzLc()-3(22Np~),n(p~n_),Z,Lc쒬,厚Ö쎚gPVQOԂQ,,135.2191999,34.06092455,51000,51000,51000,51000,51000,50500,49500,48800,48300,48100,47800,47700,47200,46900,46900,46900,45900,,,,,,,,
31,1135.13548696883833.8938461957877,135.135486968838,33.8938461957877,135.135486968838,33.8938461957877,220,303810,yzl()5-1(22Np~),n(p~n_),,l,厚acPPRWԂPQS,,135.1354949,33.89386121,96000,96000,94000,93000,92500,92000,91300,91000,90800,89000,85400,81100,76500,72000,67000,62000,57100,,,,,,,,
32,1135.36241894547633.8418193505183,135.362418945476,33.8418193505183,135.362418945476,33.8418193505183,237,303917,yz݂Ȃ()-5(22Np~),n(p~n_),Z,݂Ȃג,V㊨RQURԂP,,135.3624268,33.84183192,10000,10000,10000,10000,10000,10000,10000,10000,10000,9800,9600,9400,9200,9000,8900,8630,8370,,,,,,,,
33,1135.31937596531933.7685414334555,135.319375965319,33.7685414334555,135.319375965319,33.7685414334555,238,303917,yz݂Ȃ()5-1(22Np~),n(p~n_),,݂Ȃג,쓹ʒTR,,135.3193822,33.76855487,90000,89000,89000,88000,87500,85800,84800,84000,82700,80200,77000,74000,71000,68000,65600,61700,58000,,,,,,,,
34,1135.18441405879133.9118242703578,135.184414058791,33.9118242703578,135.184414058791,33.9118242703578,246,303925,yz()5-1(24Np~),n(p~n_),,쒬,厚yVOPSQԂP,,135.1844225,33.91183939,,,,,,,,,,54600,54000,53000,51500,49400,47400,45500,43600,41400,39200,,,,,,
35,1135.53509295612333.6563448888948,135.535092956123,33.6563448888948,135.535092956123,33.6563448888948,251,304018,yzl()-5(22Np~),n(p~n_),Z,l,s쎚XVRԂPO,,135.535094,33.65635691,9600,9500,9300,9300,9300,9200,9200,9200,9100,9000,8900,8700,8500,8400,8100,7900,7700,,,,,,,,
36,1135.49702466416533.5501299186264,135.497024664165,33.5501299186264,135.497024664165,33.5501299186264,263,304069,yz()5-1(22Np~),n(p~n_),,ݒ,QxnSORVԂP,,135.4970221,33.5501441,,,,,,,,,,,,,,,43200,42000,40500,,,,,,,,
37,1135.944820681433.5902706069369,135.9448206814,33.5902706069369,135.9448206814,33.5902706069369,272,304221,yzn()5-1(22Np~),n(p~n_),,n,厚nV~RRVU,,135.9448189,33.59027894,,,,,,54000,52400,51000,49500,47000,45000,42500,40300,38700,36800,35000,33100,,,,,,,,
38,1135.83038203940333.5144670671515,135.830382039403,33.5144670671515,135.830382039403,33.5144670671515,283,304280,yz{()-4(25Np~),n(p~n_),Z,{,ÍTRTPTԂR,,135.8303797,33.51447643,54500,54500,54500,54500,54500,54000,53400,52500,51400,49200,47000,44500,42100,40100,38000,36000,34000,31800,29000,26100,,,,,
39,1135.17787116636734.2628755057733,135.177871166367,34.2628755057733,135.177871166367,34.2628755057733,13,302015,yza̎R()-13(26Np~),n(p~n_),Z,a̎Rs,JJWOUԂUO,,135.1778839,34.26288676,120000,120000,118000,117000,115000,109000,99000,90000,82600,75000,69400,64800,60700,57000,55800,55800,55200,53500,51100,49600,48500,,,,
40,1135.47362527265934.2881197902865,135.473625272659,34.2881197902865,135.473625272659,34.2881197902865,186,303411,yz炬()-3(26Np~),n(p~n_),Z,炬,厚}cqPRXԂP,,135.4736383,34.28812878,,,,,,,64000,62500,57500,52000,49000,45000,41400,38600,36000,35200,34100,32800,31400,30300,29100,,,,
41,1135.17073664447134.0242682909257,135.170736644471,34.0242682909257,135.170736644471,34.0242682909257,203,303623,yzL()-1(26Np~),n(p~n_),Z,L쒬,厚LmPPSP,,135.1707464,34.02428282,59900,59700,59500,59400,59400,59200,58700,58200,57800,57300,56700,56000,53700,49800,46300,44000,39800,37400,34800,33000,29800,,,,
42,1135.38947084608333.6465886899722,135.389470846083,33.6465886899722,135.389470846083,33.6465886899722,247,304018,yzl()-1(26Np~),n(p~n_),Z,l,PSO,,135.3894728,33.64660304,,,,,,,,,,,,,,,26000,25500,25000,24500,21800,19700,17800,,,,
43,1135.18304252228534.2081108190906,135.183042522285,34.2081108190906,135.183042522285,34.2081108190906,62,302015,yza̎R()9-2(27Np~),n(p~n_),H,a̎Rs,GꎚQVWԂPSO,,135.1830545,34.20812143,245000,210000,148000,146000,145000,135000,126000,118000,110000,97000,86000,75000,68000,63500,61500,59700,56500,53700,51600,49800,48300,45900,,,
44,1135.66049708576134.322349848554,135.660497085761,34.322349848554,135.660497085761,34.322349848554,93,302031,yz{()-9(27Np~),n(p~n_),Z,{s,쎚؂QROVԂQ,,135.6605106,34.3223565,26000,26000,26000,26000,26000,26000,25700,25400,25000,24700,23800,23200,21300,20500,20200,20000,19400,18500,17900,17300,16700,16200,,,
45,1135.32095023183334.24560771541,135.320950231833,34.24560771541,135.320950231833,34.24560771541,168,302091,yzo()-1(27Np~),n(p~n_),Z,os,R莚TQԂUS,,135.320963,34.24561785,74500,74500,73000,69400,68500,66600,61000,56800,53300,49500,46000,42200,37500,34900,33500,32300,30500,29700,29000,28400,28200,27500,,,
46,1135.29949371476834.1654042929411,135.299493714768,34.1654042929411,135.299493714768,34.1654042929411,183,303046,yzI()5-1(27Np~),n(p~n_),,I쒬,c؂QVWԂP,,135.2995058,34.16541552,72800,72800,72800,72800,72800,72800,71900,71000,70000,68000,66800,64000,60700,57300,55000,52500,48800,44900,41000,38500,37000,35000,,,
47,1135.1684482905134.1999491755496,135.16844829051,34.1999491755496,135.16844829051,34.1999491755496,11,302015,yza̎R()-11(28Np~),n(p~n_),Z,a̎Rs,֌˂PڂWRԂT,֌˂P|R|T,135.16846,34.19996,260000,255000,245000,234000,218000,204000,185000,172000,162000,152000,144000,136000,130000,127000,126000,126000,122000,117000,115000,114000,112000,111000,111000,,
48,1135.17898730321334.2567788938972,135.178987303213,34.2567788938972,135.178987303213,34.2567788938972,40,302015,yza̎R()3-1(28Np~),n(p~n_),,a̎Rs,팩{B؂QURԂP,,135.179,34.25679,67000,67000,65000,63500,62700,55000,50000,45500,41000,36500,31500,26500,23800,21500,20000,18800,18000,17100,16200,15600,15000,14600,14300,,
49,1135.87819883825533.7979822628044,135.878198838255,33.7979822628044,135.878198838255,33.7979822628044,299,302074,yzV{()5-3(28Np~),n(p~n_),,V{s,F쒬\R{JPPPԂP,,135.8782,33.79799,,,,,,,,,,,,,,,,,,,,13000,12000,11300,10600,,
50,1135.17129000898234.0355757798902,135.171290008982,34.0355757798902,135.171290008982,34.0355757798902,200,303615,yz()-3(28Np~),n(p~n_),Z,,厚󎚐V~QWWQ,,135.1713,34.03559,99500,99500,99500,99500,99500,98300,95200,92200,88000,83800,79600,75000,71000,67000,65600,62300,58600,54800,51200,45500,41000,37600,34500,,
51,1135.35794073758734.0696084820586,135.357940737587,34.0696084820586,135.357940737587,34.0696084820586,214,303666,yzLc()-8(28Np~),n(p~n_),Z,Lc쒬,厚쎚ORVRԂR,,135.35795,34.06962,31000,31000,31000,31000,31000,30800,30600,30400,30200,30000,29700,29400,29000,28100,27200,25900,24000,22800,21500,20100,19000,17900,16700,,
52,1135.1811977935634.2256295290167,135.18119779356,34.2256295290167,135.18119779356,34.2256295290167,1,302015,a̎R()-1,n,Z,a̎Rs,GꓹU,,135.18121,34.22564,270000,265000,255000,242000,222000,206000,184000,167000,153000,145000,134000,124000,117000,114000,114000,113000,111000,107000,105000,102000,99100,99100,99100,99100,a̎R()-1
53,1135.17882818107634.1990792754023,135.178828181076,34.1990792754023,135.178828181076,34.1990792754023,2,302015,a̎R()-2,n,Z,a̎Rs,TڂPSSԂPR,T|T|SR,135.17884,34.19909,180000,180000,174000,170000,167000,161000,154000,146000,138000,130000,123000,115000,108000,104000,103000,102000,100000,95000,90000,87000,84300,83200,82100,81000,a̎R()-2
54,1135.19741754306234.2218594678286,135.197417543062,34.2218594678286,135.197417543062,34.2218594678286,3,302015,a̎R()-3,n,Z,a̎Rs,LƎcQUQԂU,,135.19743,34.22187,155000,155000,151000,148000,145000,143000,134000,131000,128000,120000,112000,103000,94700,89000,86500,85600,83400,80600,77000,74800,73300,72200,71500,71000,a̎R()-3
55,1135.14779818816734.2497989098046,135.147798188167,34.2497989098046,135.147798188167,34.2497989098046,4,302015,a̎R()-4,n,Z,a̎Rs,ϓUPTԂPOOO,,135.14781,34.24981,120000,120000,119000,118000,118000,110000,99500,92100,85700,80600,76000,72000,65000,61400,60200,59500,57900,55000,52000,49000,46500,44600,43100,42000,a̎R()-4
56,1135.16388784468834.2239493361354,135.163887844688,34.2239493361354,135.163887844688,34.2239493361354,5,302015,a̎R()-5,n,Z,a̎Rs,cӒQV,,135.1639,34.22396,,,,,,,180000,171000,164000,153000,144000,134000,125000,121000,121000,121000,117000,113000,110000,107000,105000,105000,105000,106000,a̎R()-5
57,1135.19125797892434.1932593791012,135.191257978924,34.1932593791012,135.191257978924,34.1932593791012,6,302015,a̎R()-6,n,Z,a̎Rs,OIUUSԂPR,,135.19127,34.19327,,,,,,130000,125000,121000,118000,106000,96500,90000,85000,80500,77000,74000,70600,68100,65600,63500,61700,60500,59200,58000,a̎R()-6
58,1135.23639724103134.2010593806657,135.236397241031,34.2010593806657,135.236397241031,34.2010593806657,7,302015,a̎R()-7,n,Z,a̎Rs,g玚cTQRԂPQ,,135.23641,34.20107,,,,,,,,,,,,,,,,54000,51300,48300,45400,43000,42000,41300,40600,40000,a̎R()-7
59,1135.16718755082934.2534189718639,135.167187550829,34.2534189718639,135.167187550829,34.2534189718639,8,302015,a̎R()-8,n,Z,a̎Rs,dm؂PWPԂQV,,135.1672,34.25343,143000,143000,140000,137000,136000,127000,116000,105000,94500,89000,84000,80000,76500,72000,71000,67000,65000,62400,58500,56200,55100,53500,52000,50900,a̎R()-8
60,1135.17462809774734.2122893583615,135.174628097747,34.2122893583615,135.174628097747,34.2122893583615,9,302015,a̎R()-9,n,Z,a̎Rs,F{QڂRTSԂQWO,F{Q|Q|PW,135.17464,34.2123,205000,205000,197000,192000,189000,173000,160000,148000,138000,130000,122000,114000,108000,103000,102000,101000,99500,96000,92600,91000,90000,89500,89500,90000,a̎R()-9
61,1135.24559633767634.2432787297361,135.245596337676,34.2432787297361,135.245596337676,34.2432787297361,10,302015,a̎R()-10,n,Z,a̎Rs,HXZPRUOԂPU,,135.24561,34.24329,100000,100000,99500,99000,99000,97000,95000,90000,86000,81000,76300,71900,66000,63400,60900,58500,56200,53500,48000,46300,45800,44200,42500,41700,a̎R()-10
62,1135.18706790770434.2105494355836,135.187067907704,34.2105494355836,135.187067907704,34.2105494355836,12,302015,a̎R()-12,n,Z,a̎Rs,kPڂXVԂPT,kP|X|SS,135.18708,34.21056,176000,176000,173000,170000,165000,155000,147000,135000,127000,120000,112000,105000,97000,92000,91000,90000,88000,85500,82300,80700,79000,78000,76800,75700,a̎R()-12
63,1135.15563820417734.2080690767017,135.155638204177,34.2080690767017,135.155638204177,34.2080690767017,14,302015,a̎R()-14,n,Z,a̎Rs,lm؂PSQSԂUO,,135.15565,34.20808,124000,124000,122000,120000,119000,117000,114000,108000,102000,92300,83500,78500,75200,72900,70700,68600,66100,62700,59000,57200,54500,51300,48800,46800,a̎R()-14
64,1135.12907808069934.2705385546176,135.129078080699,34.2705385546176,135.129078080699,34.2705385546176,15,302015,a̎R()-15,n,Z,a̎Rs,؃m{mJPSTOԂTO,,135.12909,34.27055,105000,105000,105000,101000,98000,94000,83500,76500,68900,64800,58800,53000,48000,44400,41500,40000,38000,36600,34200,31000,29500,28800,28100,28000,a̎R()-15
65,1135.14071825480334.2470988499867,135.140718254803,34.2470988499867,135.140718254803,34.2470988499867,16,302015,a̎R()-16,n,Z,a̎Rs,]SڂPPUVԂTX,]S|V|RV,135.14073,34.24711,150000,147000,146000,145000,143000,134000,121000,111000,102000,92000,85000,78200,73500,69500,66700,65400,63400,61500,59000,56600,54500,52900,51900,51200,a̎R()-16
66,1135.16814827437134.2049691785306,135.168148274371,34.2049691785306,135.168148274371,34.2049691785306,17,302015,a̎R()-17,n,Z,a̎Rs,QڂPQTԂPR,Q|PP|RP,135.16816,34.20498,279000,270000,261000,245000,228000,213000,196000,185000,180000,172000,163000,154000,145000,141000,140000,140000,138000,136000,134000,132000,131000,131000,131000,133000,a̎R()-17
67,1135.1575582458234.1922691487692,135.15755824582,34.1922691487692,135.15755824582,34.1922691487692,18,302015,a̎R()-18,n,Z,a̎Rs,lm؂POURԂST,,135.15757,34.19228,157000,157000,155000,154000,153000,151000,149000,139000,132000,124000,118000,113000,107000,103000,99900,97000,94000,89800,85500,83000,81000,78500,76600,75000,a̎R()-18
68,1135.17720820995134.1918392480918,135.177208209951,34.1918392480918,135.177208209951,34.1918392480918,19,302015,a̎R()-19,n,Z,a̎Rs,ảYRڂTXTԂQR,ảYR|Q|QR,135.17722,34.19185,153000,153000,151000,149000,147000,147000,142000,135000,128000,120000,113000,106000,98700,92900,90000,87500,84700,81700,78000,76400,72700,70500,68500,66600,a̎R()-19
69,1135.16761825307434.1883392174982,135.167618253074,34.1883392174982,135.167618253074,34.1883392174982,20,302015,a̎R()-20,n,Z,a̎Rs,ảYQڂPUURԂRR,ảYQ|T|PO,135.16763,34.18835,177000,177000,175000,172000,168000,161000,153000,144000,136000,129000,122000,116000,110000,104000,98800,94800,90000,84700,78800,72500,69000,66900,63800,61500,a̎R()-20
70,1135.19715733704834.2380092732585,135.197157337048,34.2380092732585,135.197157337048,34.2380092732585,21,302015,a̎R()-21,n,Z,a̎Rs,cKm؂QQXԂPOO,,135.19717,34.23802,,160000,160000,157000,155000,153000,145000,139000,134000,119000,113000,106000,99600,95500,95000,91700,88500,84500,81100,77800,73000,70000,66600,65300,a̎R()-21
71,1135.20416724555334.2341293133727,135.204167245553,34.2341293133727,135.204167245553,34.2341293133727,23,302015,a̎R()-23,n,Z,a̎Rs,HcXRԂRQ,,135.20418,34.23414,156000,156000,153000,151000,150000,149000,143000,138000,134000,127000,120000,113000,103000,99500,96500,95000,92500,88500,84000,80000,78000,76500,72500,71100,a̎R()-23
72,1135.1955382152134.1746689798562,135.19553821521,34.1746689798562,135.19553821521,34.1746689798562,24,302015,a̎R()-24,n,Z,a̎Rs,ԓcPQRWԂRO,,135.19555,34.17468,85000,85000,85000,85000,84500,83000,81300,80000,79000,72000,65000,61000,56800,53000,49500,47000,43500,40500,37300,35000,32600,30400,28400,27000,a̎R()-24
73,1135.16165776244834.2255892840663,135.161657762448,34.2255892840663,135.161657762448,34.2255892840663,25,302015,a̎R()-25*,n,Z,a̎Rs,QڂRW,,135.16167,34.2256,300000,287000,278000,258000,238000,217000,193000,183000,175000,166000,158000,145000,136000,132000,134000,135000,131000,126000,124000,120000,117000,117000,117000,119000,a̎R()-25*
74,1135.1813775013734.2385193461143,135.18137750137,34.2385193461143,135.18137750137,34.2385193461143,26,302015,a̎R()-26,n,Z,a̎Rs,V_PWXVԊO,,135.18139,34.23853,,,,217000,210000,195000,176000,166000,157000,148000,140000,133000,124000,120000,120000,119000,118000,116000,113000,109000,106000,104000,102000,102000,a̎R()-26
75,1135.16671804662534.2164193175029,135.166718046625,34.2164193175029,135.166718046625,34.2164193175029,29,302015,a̎R()-29,n,Z,a̎Rs,UڂTԂUV,U|U|V,135.16673,34.21643,223000,215000,207000,205000,200000,181000,168000,159000,151000,138000,127000,118000,112000,109000,107000,106000,103000,99300,96800,94500,92700,92000,91200,91000,a̎R()-29
76,1135.20614707498634.2417691314062,135.206147074986,34.2417691314062,135.206147074986,34.2417691314062,30,302015,a̎R()-30,n,Z,a̎Rs,[rRUPԂRXO,,135.20616,34.24178,155000,155000,152000,150000,149000,145000,135000,130000,125000,113000,104000,98500,88000,83500,78500,73800,70000,66000,63500,61300,59800,58500,57400,56500,a̎R()-30
77,1135.19788746570334.2276694318106,135.197887465703,34.2276694318106,135.197887465703,34.2276694318106,31,302015,a̎R()-31*,n,Z,a̎Rs,c_mȂPTQ,,135.1979,34.22768,318000,306000,295000,277000,251000,226000,201000,183000,170000,161000,153000,144000,138000,133000,135000,135000,132000,128000,126000,124000,124000,126000,127000,129000,a̎R()-31*
78,1135.19027844166434.1639286285208,135.190278441664,34.1639286285208,135.190278441664,34.1639286285208,38,302015,a̎R()-27,n,Z,a̎Rs,ьcPRTԂRT,,135.19029,34.16394,164000,160000,158000,157000,154000,150000,147000,140000,132000,124000,118000,110000,104000,98300,94500,89500,85500,82600,80800,78100,75500,73300,70500,68000,a̎R()-27
79,1135.14821820535434.2569888344767,135.148218205354,34.2569888344767,135.148218205354,34.2569888344767,39,302015,a̎R()-34*,n,Z,a̎Rs,~STԂPQ,,135.14823,34.257,,,,,,,,,,,,,,,,62500,60500,58000,54500,52100,51000,50100,49600,49400,a̎R()-34*
80,1135.21048726673234.2219894683797,135.210487266732,34.2219894683797,135.210487266732,34.2219894683797,41,302015,a̎R()3-2,n,,a̎Rs,ӎV@RQ,,135.2105,34.222,,,,,,,,,,,,,,,22000,21900,21800,21300,20400,19700,19000,18900,18600,18600,a̎R()3-2
81,1135.18961753889334.232429414283,135.189617538893,34.232429414283,135.189617538893,34.232429414283,42,302015,a̎R()5-1*,n,,a̎Rs,FcTڂTOԊO,,135.18963,34.23244,,,,,,,903000,805000,696000,668000,605000,548000,514000,507000,515000,530000,520000,500000,477000,455000,438000,438000,438000,438000,a̎R()5-1*
82,1135.17668750940134.2386293487904,135.176687509401,34.2386293487904,135.176687509401,34.2386293487904,43,302015,a̎R()5-2,n,,a̎Rs,SڂT,,135.1767,34.23864,825000,690000,590000,504000,425000,368000,335000,302000,270000,240000,212000,206000,190000,180000,175000,172000,167000,163000,161000,157000,152000,150000,150000,150000,a̎R()5-2
83,1135.17473764719534.2337594748608,135.174737647195,34.2337594748608,135.174737647195,34.2337594748608,44,302015,a̎R()5-3*,n,,a̎Rs,{PڂRR,,135.17475,34.23377,,,,,,,,604000,465000,408000,327000,257000,200000,181000,173000,169000,158000,147000,135000,126000,118000,114000,111000,109000,a̎R()5-3*
84,1135.17590770249834.2319795126077,135.175907702498,34.2319795126077,135.175907702498,34.2319795126077,45,302015,a̎R()5-4,n,,a̎Rs,\ԒSR,,135.17592,34.23199,700000,600000,510000,425000,368000,331000,295000,266000,226000,208000,185000,165000,153000,147000,147000,147000,143000,137000,131000,125000,120000,120000,122000,124000,a̎R()5-4
85,1135.16913753330234.2346893858513,135.169137533302,34.2346893858513,135.169137533302,34.2346893858513,46,302015,a̎R()5-5,n,,a̎Rs,MHUԊO,,135.16915,34.2347,878000,737000,630000,535000,460000,396000,341000,301000,271000,245000,227000,203000,188000,178000,173000,171000,166000,159000,150000,144000,140000,137000,136000,135000,a̎R()5-5
86,1135.18085778476634.2265295366097,135.180857784766,34.2265295366097,135.180857784766,34.2265295366097,47,302015,a̎R()5-6,n,,a̎Rs,LʒQڂP,,135.18087,34.22654,614000,540000,445000,374000,322000,286000,260000,230000,202000,180000,167000,155000,143000,140000,139000,137000,135000,131000,129000,126000,124000,124000,124000,124000,a̎R()5-6
87,1135.18688755340134.2339094103389,135.186887553401,34.2339094103389,135.186887553401,34.2339094103389,48,302015,a̎R()5-7,n,,a̎Rs,gc`˂VQR,,135.1869,34.23392,565000,453000,376000,315000,267000,224000,200000,183000,172000,161000,144000,134000,125000,122000,122000,122000,121000,117000,113000,111000,109000,108000,108000,108000,a̎R()5-7
88,1135.19500745824534.2321293849442,135.195007458245,34.2321293849442,135.195007458245,34.2321293849442,49,302015,a̎R()5-8,n,,a̎Rs,cQڂPRԂW,cQ|PR|PQ,135.19502,34.23214,,,650000,552000,475000,400000,345000,310000,290000,270000,248000,220000,205000,198000,198000,200000,197000,195000,193000,187000,186000,186000,187000,188000,a̎R()5-8
89,1135.16544782366834.2253993924899,135.165447823668,34.2253993924899,135.165447823668,34.2253993924899,50,302015,a̎R()5-9,n,,a̎Rs,TڂRV,,135.16546,34.22541,688000,605000,502000,427000,376000,338000,303000,275000,238000,209000,183000,167000,153000,149000,148000,148000,146000,143000,139000,136000,134000,135000,136000,136000,a̎R()5-9
90,1135.17465759075434.2352994354034,135.174657590754,34.2352994354034,135.174657590754,34.2352994354034,51,302015,a̎R()5-10,n,,a̎Rs,{RڂQXԂPO,,135.17467,34.23531,1100000,1010000,868000,739000,620000,520000,458000,405000,324000,275000,240000,205000,190000,180000,174000,175000,170000,164000,156000,152000,144000,140000,138000,139000,a̎R()5-10
91,1135.18970757097934.2305194413373,135.189707570979,34.2305194413373,135.189707570979,34.2305194413373,55,302015,a̎R()5-14,n,,a̎Rs,TڂRԂU,,135.18972,34.23053,1120000,997000,847000,715000,625000,535000,465000,410000,365000,325000,290000,255000,230000,217000,217000,220000,217000,210000,202000,196000,191000,191000,191000,193000,a̎R()5-14
92,1135.18028748635334.2395593225029,135.180287486353,34.2395593225029,135.180287486353,34.2395593225029,56,302015,a̎R()5-15*,n,,a̎Rs,V_UVRԂXO,,135.1803,34.23957,445000,400000,358000,300000,264000,224000,201000,183000,172000,162000,149000,140000,131000,127000,127000,127000,123000,118000,114000,111000,109000,109000,109000,110000,a̎R()5-15*
93,1135.18430759563334.2335494313762,135.184307595633,34.2335494313762,135.184307595633,34.2335494313762,57,302015,a̎R()5-16,n,,a̎Rs,VFcT,,135.18432,34.23356,820000,743000,638000,538000,460000,410000,357000,316000,275000,245000,220000,200000,183000,170000,164000,165000,160000,154000,148000,145000,142000,142000,142000,142000,a̎R()5-16
94,1135.14802827727534.2541788759296,135.148028277275,34.2541788759296,135.148028277275,34.2541788759296,59,302015,a̎R()5-12,n,,a̎Rs,YێmWSԂS,,135.14804,34.25419,,,,,,,,,,126000,117000,108000,99700,94700,91100,91000,89500,85800,82200,80000,77700,76200,75000,73900,a̎R()5-12
95,1135.15123783558134.2436089822667,135.151237835581,34.2436089822667,135.151237835581,34.2436089822667,60,302015,a̎R()5-13,n,,a̎Rs,mQUVԂWO,mP|SV,135.15125,34.24362,,,,,,,,,,143000,134000,124000,115000,109000,105000,104000,102000,96900,93000,90500,88100,86300,85200,84200,a̎R()5-13
96,1135.18500794972534.2110594336417,135.185007949725,34.2110594336417,135.185007949725,34.2110594336417,61,302015,a̎R()5-17,n,,a̎Rs,GRڂPSOԂPU,GR|T|RP,135.18502,34.21107,,,,,,,,,,180000,160000,146000,135000,130000,132000,133000,131000,128000,125000,123000,122000,122000,123000,124000,a̎R()5-17
97,1135.18557809235634.1933493233651,135.185578092356,34.1933493233651,135.185578092356,34.1933493233651,63,302015,a̎R()5-18,n,,a̎Rs,OklRSSԂSO,,135.18559,34.19336,400000,360000,295000,250000,240000,215000,195000,181000,174000,161000,148000,138000,128000,123000,123000,123000,122000,119000,115000,114000,113000,112000,112000,113000,a̎R()5-18
98,1135.1774881115234.208999334713,135.17748811152,34.208999334713,135.17748811152,34.208999334713,65,302015,a̎R()9-1,n,H,a̎Rs,F{SڂPVWԂT,,135.1775,34.20901,119000,118000,116000,110000,105000,99000,93000,89200,80000,72000,64000,57500,52900,48700,46000,43500,41000,38900,36900,34600,32500,30600,29400,28400,a̎R()9-1
99,1135.2719556428534.2721485317102,135.27195564285,34.2721485317102,135.27195564285,34.2721485317102,66,302015,a̎R()-35,n,Z,a̎Rs,ؓĂQUP,,135.27197,34.27216,42000,42000,42000,42000,42000,41500,41000,40500,40100,39500,38800,38100,32400,29300,28000,27000,25500,24500,23000,22000,21600,21300,21100,20900,a̎R()-35
100,1135.22730642034934.2580785076299,135.227306420349,34.2580785076299,135.227306420349,34.2580785076299,67,302015,a̎R()-36,n,Z,a̎Rs,cғSVR,,135.22732,34.25809,49500,49500,49500,49500,49000,48500,48500,48000,47500,46800,42200,39000,34400,33500,32700,31900,31000,30200,29300,28700,28100,27800,27500,26700,a̎R()-36
101,1135.22090764312934.1915292674625,135.220907643129,34.1915292674625,135.220907643129,34.1915292674625,68,302015,a̎R()-37,n,Z,a̎Rs,rтPԂQ,,135.22092,34.19154,55300,55300,55000,55000,55000,55000,55000,54300,53500,52700,49900,47500,44500,42300,41800,41000,38200,36000,33500,31200,29100,27500,26500,25700,a̎R()-37
102,1135.20850832797334.1697887481361,135.208508327973,34.1697887481361,135.208508327973,34.1697887481361,70,302023,C()-1,n,Z,Cs,]RPԂUO,,135.20852,34.1698,143000,143000,140000,139000,138000,137000,134000,131000,127000,121000,112000,104000,96000,89000,84500,81500,78500,75300,72300,70000,67500,65300,63200,61400,C()-1
103,1135.20780865917934.1569082761366,135.207808659179,34.1569082761366,135.207808659179,34.1569082761366,71,302023,C()-2,n,Z,Cs,VMPQVQԂURO,,135.20782,34.15692,167000,167000,163000,160000,158000,156000,153000,149000,144000,137000,127000,118000,109000,101000,95000,91800,88500,85000,79900,75100,70500,67000,64300,62000,C()-2
104,1135.22168887179434.1539880804036,135.221688871794,34.1539880804036,135.221688871794,34.1539880804036,72,302023,C()-3*,n,Z,Cs,쒆cOSVSԂTW,,135.2217,34.154,132000,132000,132000,132000,131000,131000,131000,130000,126000,121000,113000,106000,98500,93000,90100,88100,85500,82600,82100,80000,78800,78400,78000,76900,C()-3*
105,1135.2134188802634.1503380169935,135.21341888026,34.1503380169935,135.21341888026,34.1503380169935,73,302023,C()-4,n,Z,Cs,ԑqRUXԂP,,135.21343,34.15035,98600,98600,97000,96000,96000,96000,95000,94000,93000,87500,82000,77000,71600,66600,63500,60800,58400,56000,50400,48400,46400,44500,42800,41200,C()-4
106,1135.27247795531234.1597083111176,135.272477955312,34.1597083111176,135.272477955312,34.1597083111176,74,302023,C()-5,n,Z,Cs,䎚PTSUԂR,,135.27249,34.15972,64000,64000,63500,63000,63000,62700,62300,61600,60900,58300,55500,52900,49700,47000,45300,43700,42500,41000,39700,38300,38000,37800,37300,37000,C()-5
107,1135.22311874111734.1594582477964,135.223118741117,34.1594582477964,135.223118741117,34.1594582477964,75,302023,C()-6,n,Z,Cs,c؂PTRԂS,,135.22313,34.15947,115000,115000,115000,114000,113000,112000,111000,109000,106000,102000,95000,88500,81500,76000,72300,70300,68700,66500,65300,63600,62900,61000,59400,58000,C()-6
108,1135.29793758459434.1823690654426,135.297937584594,34.1823690654426,135.297937584594,34.1823690654426,76,302023,C()-7,n,Z,Cs,쎚mRTQԂP,,135.29795,34.18238,,,,,,,,,,,,26900,25300,24000,23100,22300,21700,21100,20500,19800,19400,19000,18500,18100,C()-7
109,1135.17745942087234.125467941008,135.177459420872,34.125467941008,135.177459420872,34.125467941008,78,302023,C()-9,n,Z,Cs,ÒUVԂP,,135.17747,34.12548,48700,48700,48700,48700,48700,48700,48400,48200,48000,47000,45000,43300,41700,40200,38900,37800,36600,35400,34000,32600,31300,30500,29800,29100,C()-9
110,1135.16388954367934.1084577669877,135.163889543679,34.1084577669877,135.163889543679,34.1084577669877,79,302023,C()-10,n,Z,Cs,Ò㎚{mOVSO,,135.1639,34.10847,,45000,45000,45000,45000,45000,44700,44500,44300,43000,41300,40100,39000,37900,36900,35800,34600,33300,32000,30700,29500,28800,28100,27500,C()-10
111,1135.15709930278434.1271980803468,135.157099302784,34.1271980803468,135.157099302784,34.1271980803468,80,302023,C()-8,n,Z,Cs,ÒۓcςPQWԂS,,135.15711,34.12721,93000,92000,91800,91300,90800,90400,89000,88000,87000,84500,81000,77700,74500,69500,66300,63900,61600,59400,57000,55300,53500,51800,50200,48700,C()-8
112,1135.20733860974434.158408334186,135.207338609744,34.158408334186,135.207338609744,34.158408334186,82,302023,C()5-2,n,,Cs,D_PWUԂTU,,135.20735,34.15842,,,240000,235000,226000,215000,202000,190000,175000,158000,140000,129000,119000,110000,104000,99300,95200,91000,81000,73700,70000,69200,67600,66000,C()5-2
113,1135.22022825210934.1736588328705,135.220228252109,34.1736588328705,135.220228252109,34.1736588328705,83,302023,C()9-2,n,H,Cs,cNcQQRԂQU,,135.22024,34.17367,81000,81000,79500,79000,78500,78300,76500,75000,71200,67000,61000,56800,52800,49500,47500,46000,44600,42700,40500,38300,36300,35800,34000,32500,C()9-2
114,1135.20226873767734.153168184955,135.202268737677,34.153168184955,135.202268737677,34.153168184955,84,302023,C()9-1,n,H,Cs,VMPQXSԂQP,,135.20228,34.15318,85000,85000,82000,78500,75500,72000,69000,67000,65200,62400,57000,53000,49000,45500,43300,41800,38500,35400,32500,29800,27300,25200,23800,22900,C()9-1
115,1135.64578635148334.3313929887206,135.645786351483,34.3313929887206,135.645786351483,34.3313929887206,85,302031,{()-1,n,Z,{s,c쌳RQQԂS,,135.6458,34.3314,80800,80800,80000,79500,79000,77500,75500,74000,69500,65000,59000,54000,49000,45200,43000,42100,40700,38700,37000,35000,33000,31800,30800,29900,{()-1
116,1135.61118614562134.3393025714043,135.611186145621,34.3393025714043,135.611186145621,34.3393025714043,86,302031,{()-2,n,Z,{s,ӖRUXRԂPQ,,135.6112,34.33931,,,,,,,100000,96000,88000,78000,68000,61500,55000,51100,48800,48300,46500,44000,41800,40200,38400,37100,36000,35000,{()-2
117,1135.62364608832934.3506227846009,135.623646088329,34.3506227846009,135.623646088329,34.3506227846009,87,302031,{()-3,n,Z,{s,PڂPXԂPV,,135.62366,34.35063,,101000,100000,99000,98500,97500,92000,88000,81000,71000,61500,55800,50200,47700,46100,45600,44000,42000,40100,38500,37100,36000,35000,34100,{()-3
118,1135.55400603289234.3087421002226,135.554006032892,34.3087421002226,135.554006032892,34.3087421002226,88,302031,{()-4,n,Z,{s,쎚mRWQSԂPQ,,135.55402,34.30875,67500,67500,67500,66500,65200,64500,61000,59000,56500,51000,47000,44000,41000,39000,37600,36800,35500,33500,31500,29500,27600,26500,25700,25000,{()-4
119,1135.6005459767734.3562727067416,135.60054597677,34.3562727067416,135.60054597677,34.3562727067416,89,302031,{()-5,n,Z,{s,OΑRڂXԂQ,,135.60056,34.35628,159000,159000,156000,152000,148000,145000,140000,133000,121000,110000,97000,91000,81000,78200,78200,78200,77000,74600,71600,70500,69700,69000,68500,68200,{()-5
120,1135.61577647741734.3204225719345,135.615776477417,34.3204225719345,135.615776477417,34.3204225719345,90,302031,{()-6*,n,Z,{s,ÍcRڂTSSԂR,ÍcR|X|PQ,135.61579,34.32043,,,,,,,,,76600,71000,64000,60000,56000,52600,52000,52000,50500,48000,45900,43800,40800,39400,38100,37000,{()-6*
121,1135.58795631422334.3031324076189,135.587956314223,34.3031324076189,135.587956314223,34.3031324076189,91,302031,{()-7,n,Z,{s,nꎚXOSԂPX,,135.58797,34.30314,,,85000,84500,84000,82000,79500,77200,70000,65000,58700,54500,49700,46200,45000,44500,43000,41000,39000,37100,35000,33800,33100,32500,{()-7
122,1135.58462638772334.3270925629403,135.584626387723,34.3270925629403,135.584626387723,34.3270925629403,92,302031,{()-8,n,Z,{s,oOVTԂS,,135.58464,34.3271,43000,43000,43000,43000,43000,43000,42500,42000,41000,40000,37800,36500,34800,33400,32500,32200,31200,29700,28200,26800,25200,23700,23000,22300,{()-8
123,1135.56189588311134.3050220946624,135.561895883111,34.3050220946624,135.561895883111,34.3050220946624,94,302031,{()-10,n,Z,{s,Ñ]|@WQRԂR,,135.56191,34.30503,87000,87000,86000,85000,83500,82000,79000,76200,72500,68000,61000,56000,50500,44400,43000,42000,40500,38500,36500,34600,32600,31400,30600,29900,{()-10
124,1135.57166590306934.3130022251785,135.571665903069,34.3130022251785,135.571665903069,34.3130022251785,95,302031,{()-11,n,Z,{s,_RRO,,135.57168,34.31301,,,,,,,50000,49000,47500,43500,40500,39000,36000,34200,33000,32600,31500,30000,28500,27100,25800,24600,23800,23100,{()-11
125,1135.64985637690934.3286130910518,135.649856376909,34.3286130910518,135.649856376909,34.3286130910518,96,302031,{()3-1,n,,{s,c𐶎˂QVԂR,,135.64987,34.32862,,,,,,35000,34000,33000,30300,28000,25000,22000,20000,18200,17000,16500,15600,14700,13800,13100,12500,12000,11500,11100,{()3-1
126,1135.60505661977434.3140625556347,135.605056619774,34.3140625556347,135.605056619774,34.3140625556347,97,302031,{()5-1,n,,{s,ƂUڂRRWԂT,ƂU|P|P,135.60507,34.31407,,,,,,,,,,,,162000,147000,134000,127000,124000,120000,114000,108000,102000,97100,94000,91400,89100,{()5-1
127,1135.64830636386334.3290030554951,135.648306363863,34.3290030554951,135.648306363863,34.3290030554951,98,302031,{()5-2,n,,{s,c{mOPPXԂU,,135.64832,34.32901,147000,147000,141000,138000,135000,129000,122000,116000,108000,99000,89500,80600,72600,68200,66000,65000,62500,59000,55500,52200,51200,50700,50000,49500,{()5-2
128,1135.55552606266134.3028520676504,135.555526062661,34.3028520676504,135.555526062661,34.3028520676504,99,302031,{()5-3,n,,{s,q؎łPVXԂP,,135.55554,34.30286,210000,205000,196000,190000,185000,175000,165000,156000,141000,123000,108000,93000,79000,66500,63500,62200,60000,57000,53600,50400,47300,45400,44000,42700,{()5-3
129,1135.57834588360734.3019922197168,135.578345883607,34.3019922197168,135.578345883607,34.3019922197168,100,302031,{()9-1,n,H,{s,_XΔPPWQԊO,,135.57836,34.302,75000,74300,72000,71000,70600,67500,65000,62500,58000,54500,49000,45000,40500,36400,33800,33000,31700,30000,28200,27300,26400,25800,25300,24900,{()9-1
130,1135.14696910037934.0754371254759,135.146969100379,34.0754371254759,135.146969100379,34.0754371254759,101,302040,Lc()-1,n,Z,Lcs,ғ؂TVSԂP,,135.14698,34.07545,75000,75000,75000,75000,75000,74500,72500,71000,69300,66600,63900,61500,59300,57300,56400,55000,52800,50400,47900,46000,42500,40700,40000,39600,Lc()-1
131,1135.17440951858834.0683567508537,135.174409518588,34.0683567508537,135.174409518588,34.0683567508537,102,302040,Lc()-2,n,Z,Lcs,䒬Ԏ㍂RSUԂS,,135.17442,34.06837,52000,52000,52000,52000,52000,52000,51500,51000,50500,49500,48500,46600,45000,43500,42600,41300,39200,37200,35200,34000,32000,30700,29500,28900,Lc()-2
132,1135.17155942697134.0812471714692,135.171559426971,34.0812471714692,135.171559426971,34.0812471714692,103,302040,Lc()-3,n,Z,Lcs,{쌴_QXԂT,,135.17157,34.08126,65500,65500,65500,65500,65500,65500,64500,63700,62600,61300,60100,58000,56000,54000,52900,51300,48700,46200,43000,40500,38700,37500,36000,34700,Lc()-3
133,1135.10380824329234.0875671974441,135.103808243292,34.0875671974441,135.103808243292,34.0875671974441,104,302040,Lc()-4,n,Z,Lcs,`ьVXRԂSU,,135.10382,34.08758,64000,64000,64000,64000,64000,63500,62500,61500,60200,58700,57200,55800,53600,51500,50500,49100,47100,44800,42600,40000,38000,36100,34000,31900,Lc()-4
134,1135.12246862335534.0838372513563,135.122468623355,34.0838372513563,135.122468623355,34.0838372513563,105,302040,Lc()5-1,n,,Lcs,cQOԂT,,135.12248,34.08385,,,,,,,,,,,,,,,,,84200,76500,68800,64000,60000,55900,53000,50600,Lc()5-1
135,1135.13523890978934.0841373179358,135.135238909789,34.0841373179358,135.135238909789,34.0841373179358,106,302040,Lc()9-1,n,H,Lcs,VV_QOWԂP,,135.13525,34.08415,140000,135000,132000,130000,128000,126000,121000,117000,113000,108000,102000,96000,90000,84000,81900,78600,73900,68700,62500,56300,51200,47900,44800,41500,Lc()9-1
136,1135.17147311598433.8433354700649,135.171473115984,33.8433354700649,135.171473115984,33.8433354700649,107,302058,V()-1,n,Z,Vs,c쓇OPTVUԊO,,135.17148,33.84335,,,,,,,,,,,,,,,,32200,31000,29900,28700,27600,26700,25800,25100,24500,V()-1
137,1135.16097186397133.8992450553686,135.160971863971,33.8992450553686,135.160971863971,33.8992450553686,108,302058,V()-2,n,Z,Vs,쒬͌WWPԂPS,,135.16098,33.89926,75500,75500,75500,74600,74400,74000,72100,70500,69100,67500,65800,64200,62000,59500,56800,54700,51500,48400,45300,42500,40400,38900,37700,36600,V()-2
138,1135.16393258315533.8770350153594,135.163932583155,33.8770350153594,135.163932583155,33.8770350153594,109,302058,V()-3,n,Z,Vs,kURUԂS,,135.16394,33.87705,47500,47500,47500,47300,47300,47300,47100,47000,46900,46500,46000,45300,44500,43500,42400,41400,39500,37500,35500,33700,32100,30700,29500,28800,V()-3
139,1135.16856171854933.9042950009247,135.168561718549,33.9042950009247,135.168561718549,33.9042950009247,110,302058,V()-4,n,Z,Vs,cgcEQWSԂPO,,135.16857,33.90431,,57000,57000,56400,56300,56200,56000,56000,55900,54800,53600,52400,51000,49400,47500,46000,43500,41100,38600,36600,34800,33400,32200,31200,V()-4
140,1135.15101180772433.9014151065208,135.151011807724,33.9014151065208,135.151011807724,33.9014151065208,111,302058,V()-5,n,Z,Vs,쒬cTOSԂPO,,135.15102,33.90143,71000,71000,71000,70200,70000,69700,68800,68300,67900,66800,65400,64000,61800,59300,56600,54500,51000,47700,44200,41800,39700,38100,36900,35800,V()-5
141,1135.15322191116133.8960051130767,135.153221911161,33.8960051130767,135.153221911161,33.8960051130767,112,302058,V()5-1,n,,Vs,cXVԂPO,,135.15323,33.89602,169000,163000,158000,154000,151000,148000,141000,135000,130000,125000,117000,110000,104000,97600,88000,82700,77700,73000,67000,62500,58800,56000,53500,51700,V()5-1
142,1135.15549244469533.8815350034599,135.155492444695,33.8815350034599,135.155492444695,33.8815350034599,113,302058,V()9-1,n,H,Vs,[PVUԂS,,135.1555,33.88155,71400,71400,70500,69800,69500,69300,68000,67500,67000,65500,61500,57800,53100,48700,43500,40000,35000,32300,29000,26500,25000,23700,22600,21800,V()9-1
143,1135.39427578719633.7235867004125,135.394275787196,33.7235867004125,135.394275787196,33.7235867004125,114,302066,c()-1,n,Z,cӎs,RQڂWQUԂWW,RQ|QP|PW,135.39428,33.7236,,,,,,,,,,,80000,77600,74500,72600,70800,69100,67000,64500,61900,59000,57600,57600,57600,57600,c()-1
144,1135.36176489600333.7419067244834,135.361764896003,33.7419067244834,135.361764896003,33.7419067244834,116,302066,c()-3,n,Z,cӎs,mQڂRXWPԂTS,mQ|U|PW,135.36177,33.74192,77000,77000,77000,77000,77000,76000,72800,68500,66500,63900,61200,58500,55900,54000,52200,50600,48800,47200,45300,43500,42700,46000,47000,48500,c()-3
145,1135.37622549814333.7294065919354,135.376225498143,33.7294065919354,135.376225498143,33.7294065919354,117,302066,c()-4,n,Z,cӎs,㉮~QڂPPUԂRQ,㉮~Q|PP|TQ,135.37623,33.72942,170000,170000,165000,160000,158000,154000,147000,138000,134000,128000,120000,111000,101000,94000,88000,82700,77300,72000,67700,62500,58000,55000,53000,51500,c()-4
146,1135.40438601286133.7156867251177,135.404386012861,33.7156867251177,135.404386012861,33.7156867251177,118,302066,c()-5,n,Z,cӎs,V엢PXQPԂRO,,135.40439,33.7157,84700,84700,84000,83600,83000,81800,78500,73800,71600,68600,65700,62600,59100,57600,55000,53000,51000,49000,46000,43300,41000,39500,38000,36600,c()-5
147,1135.35584496793633.7358766280092,135.355844967936,33.7358766280092,135.355844967936,33.7358766280092,119,302066,c()-6,n,Z,cӎs,ڗǂQSSQԂW,ڗǂRW|QW,135.35585,33.73589,73000,73000,72500,72500,72000,71000,68000,64000,61500,59000,56500,54200,48900,45500,39000,36300,34500,33000,31000,28000,26600,24200,22200,21000,c()-6
148,1135.39294557517233.7309767787084,135.392945575172,33.7309767787084,135.392945575172,33.7309767787084,120,302066,c()-7*,n,Z,cӎs,VPPQTԂUS,VQ|U,135.39295,33.73099,,110000,112000,114000,115000,115000,113000,110000,107000,103000,102000,100000,98800,95800,92900,89500,86000,82100,78300,78300,82000,90800,99800,104000,c()-7*
149,1135.74369783485133.7908717866721,135.743697834851,33.7908717866721,135.743697834851,33.7908717866721,121,302066,c()-8,n,Z,cӎs,{{Ð쎚USPԂQO,,135.7437,33.79088,5000,5000,5000,5000,5000,5000,4900,4900,4800,4800,4700,4600,4540,4500,4400,4300,4290,4200,4100,4000,3900,3850,3840,3830,c()-8
150,1135.35312359050933.7783673730925,135.353123590509,33.7783673730925,135.353123590509,33.7783673730925,122,302066,c()-9,n,Z,cӎs,F{VJPVTV,,135.35313,33.77838,30000,30000,30000,30000,30000,30000,29400,29000,28500,28000,27500,26900,26300,25700,25200,24500,23800,22800,21700,20600,20000,19500,19000,18500,c()-9
151,1135.4929513970633.889629657663,135.49295139706,33.889629657663,135.49295139706,33.889629657663,123,302066,c()-10,n,Z,cӎs,_ORXPԂP,,135.49296,33.88964,,,,,,,,,,,,,,,,,11000,10800,10600,10500,10300,10200,10100,10000,c()-10
152,1135.43873204388333.8885588334064,135.438732043883,33.8885588334064,135.438732043883,33.8885588334064,125,302066,c()-12,n,Z,cӎs,_䎚ƂPTOԂP,,135.43874,33.88857,,,,10300,10300,10300,10300,10300,10300,10300,10200,10100,10000,9900,9700,9500,9400,9300,8690,8600,8510,8430,8350,8300,c()-12
153,1135.51736479645533.7900294625198,135.517364796455,33.7900294625198,135.517364796455,33.7900294625198,126,302066,c()-13,n,Z,cӎs,ӘHI쎚_cRRWԂR,,135.51737,33.79004,,,,,,,,,,,27000,26000,25000,24100,23000,22000,21400,20800,20000,19300,18700,18300,18000,17800,c()-13
154,1135.75815628565233.8679019877037,135.758156285652,33.8679019877037,135.758156285652,33.8679019877037,127,302066,c()-14,n,Z,cӎs,{{qYPOQPԂS,,135.75816,33.86791,17700,17700,17700,17700,17700,17500,17300,17300,16900,16700,16500,16100,15900,15500,15000,14500,14000,13500,13000,12300,11900,11500,11200,11000,c()-14
155,1135.60759599219433.8148609843816,135.607595992194,33.8148609843816,135.607595992194,33.8148609843816,128,302066,c()-15,n,Z,cӎs,ӘHߘIkXSV,,135.6076,33.81487,,,,,14000,13800,13000,12800,12600,12200,11800,11300,10800,10300,10000,9700,9500,9300,9000,8690,8400,8250,8250,8220,c()-15
156,1135.48145647675433.7272480074992,135.481456476754,33.7272480074992,135.481456476754,33.7272480074992,129,302066,c()-16,n,Z,cӎs,쎚TPXԂPR,,135.48146,33.72726,,,,,,,,,,28000,27700,27200,26700,26200,25700,25000,24300,23400,22400,21300,20400,19900,19500,19200,c()-16
157,1135.58718707146933.7444794306242,135.587187071469,33.7444794306242,135.587187071469,33.7444794306242,130,302066,c()-17,n,Z,cӎs,쉺ŉzVTSԊO,,135.58719,33.74449,8000,8000,8000,8000,8000,7900,7850,7850,7800,7650,7500,7300,7100,6900,6650,6400,6390,6290,6150,6010,5870,5810,5790,5770,c()-17
158,1135.56944828919233.6876885592331,135.569448289192,33.6876885592331,135.569448289192,33.6876885592331,131,302066,c()-11,n,Z,cӎs,쎚nw˂UWOԂPV,,135.56945,33.6877,7000,7000,7000,7000,7000,6900,6850,6850,6800,6670,6530,6350,6150,5970,5750,5530,5520,5420,5300,5170,5050,5010,5000,4990,c()-11
159,1135.36252509904333.7349366604005,135.362525099043,33.7349366604005,135.362525099043,33.7349366604005,133,302066,c()5-2,n,,cӎs,̎RQڂPPSXԂPP,̎RQ|PT|PX,135.36253,33.73495,120000,120000,119000,118000,118000,116000,108000,101000,97000,91000,85200,81000,77000,73400,70800,67000,63300,59500,55500,51700,49500,47800,46800,46000,c()5-2
160,1135.3883255222233.7321567170532,135.38832552222,33.7321567170532,135.38832552222,33.7321567170532,134,302066,c()5-3,n,,cӎs,󗈒WPSԂQ,󗈒PS|QS,135.38833,33.73217,,,,,,,,,,175000,156000,141000,128000,119000,112000,103000,92700,85300,78500,75400,73800,73500,73300,73200,c()5-3
161,1135.77156764966633.8334117269956,135.771567649666,33.8334117269956,135.771567649666,33.8334117269956,135,302066,c()5-4,n,,cӎs,{{{{⒬PTVPԂPR,,135.77157,33.83342,,,,,,,,,,30800,29800,28800,27900,27300,26500,25700,24800,23900,22700,21000,19500,18400,18000,17600,c()5-4
162,1135.99546007683433.7281535402909,135.995460076834,33.7281535402909,135.995460076834,33.7281535402909,137,302074,V{()-1,n,Z,V{s,rcQڂPԂPP,rcQ|P|PO,135.99546,33.72816,121000,121000,120000,120000,120000,117000,113000,106000,100000,96000,91500,88000,85000,81700,78800,76200,73600,71000,66000,61300,58300,56100,54500,52900,V{()-1
163,1135.99005040217733.7158332765159,135.990050402177,33.7158332765159,135.990050402177,33.7158332765159,138,302074,V{()-2,n,Z,V{s,{QڂRXRXԂPO,{Q|PQ|PX,135.99005,33.71584,80000,80000,80000,80000,80000,79000,78200,75900,74500,73500,72400,70900,69600,67100,65000,63000,60600,58800,54500,50600,48000,46800,45800,44900,V{()-2
164,1135.97534080861933.6820623642033,135.975340808619,33.6820623642033,135.975340808619,33.6820623642033,139,302074,V{()-3,n,Z,V{s,PڂPRXԂQO,P|U|PV,135.97534,33.68207,68700,68700,68700,68700,68700,68000,67500,65600,64400,63400,62300,61000,59900,58400,57000,55900,54100,52400,51000,48200,46700,45800,44800,43900,V{()-3
165,1135.99574057898733.7126434650171,135.995740578987,33.7126434650171,135.995740578987,33.7126434650171,140,302074,V{()-4,n,Z,V{s,V{RSUSRԂVS,,135.99574,33.71265,61600,61600,61600,61600,61600,61000,60400,59800,59200,58600,57500,56500,55700,55100,54000,53000,51300,49800,47000,46500,46500,46500,46500,46500,V{()-4
166,1135.80724724920533.8484521020337,135.807247249205,33.8484521020337,135.807247249205,33.8484521020337,141,302074,V{()-5,n,Z,V{s,F쒬~mXVQԂQO,,135.80725,33.84846,10500,10300,10300,10300,10300,10100,10100,10100,9900,9800,9600,9300,9100,8900,8600,8300,8100,7800,7400,6800,6300,6100,5900,5710,V{()-5
167,1135.85481660863333.8656732998969,135.854816608633,33.8656732998969,135.854816608633,33.8656732998969,142,302074,V{()-6,n,Z,V{s,F쒬dYnSSX,,135.85482,33.86568,12900,12900,12900,12900,12900,12700,12600,12600,12300,11900,11500,11100,10700,10400,10000,9600,9300,8900,8400,7600,7000,6650,6350,6080,V{()-6
168,1135.98674012226133.7232131672092,135.986740122261,33.7232131672092,135.986740122261,33.7232131672092,143,302074,V{()5-1,n,,V{s,_qQڂPSPRԂP,_qQ|V|QU,135.98674,33.72322,230000,228000,226000,224000,220000,213000,205000,190000,181000,170000,155000,145000,137000,126000,116000,111000,104000,99700,88000,78000,73700,71500,70500,69500,V{()5-1
169,1135.9923900617233.7272334005046,135.99239006172,33.7272334005046,135.99239006172,33.7272334005046,144,302074,V{()5-2,n,,V{s,V{FVUSVԂP,,135.99239,33.72724,270000,270000,268000,266000,260000,251000,241000,212000,192000,180000,164000,150000,140000,127000,116000,110000,102000,96300,86500,77300,72700,70100,67500,65400,V{()5-2
170,1135.37523734734934.2569100887343,135.375237347349,34.2569100887343,135.375237347349,34.2569100887343,147,302082,I̐()-1,n,Z,I̐s,EcSRԂSP,,135.37525,34.25692,77500,77500,75000,72000,70000,68000,65000,62500,58900,54400,50000,45500,41000,39000,37000,35300,33200,31100,29000,28000,27000,26000,26000,26000,I̐()-1
171,1135.34141728807434.2735797672494,135.341417288074,34.2735797672494,135.341417288074,34.2735797672494,148,302082,I̐()-2,n,Z,I̐s,OJ哹WXԂPO,,135.34143,34.27359,46600,46600,46600,45400,44700,44500,42500,41300,40000,38200,35900,33500,30800,29600,28500,27600,25700,24100,22500,21800,21000,20400,20000,19600,I̐()-2
172,1135.35749750149134.2589498994714,135.357497501491,34.2589498994714,135.357497501491,34.2589498994714,149,302082,I̐()-3,n,Z,I̐s,Ԗ쎚{eXQԂRO,,135.35751,34.25896,94000,94000,91000,87000,85000,82500,77000,72500,67800,62600,57300,53300,49000,46100,44300,42700,40000,37600,35500,34700,33500,32200,31500,31000,I̐()-3
173,1135.3449874140834.2677498920036,135.34498741408,34.2677498920036,135.34498741408,34.2677498920036,150,302082,I̐()-4,n,Z,I̐s,RTRԂSO,,135.345,34.26776,84000,84000,81500,78000,77000,75000,71000,68500,63800,59000,54100,49400,44700,42400,40100,38100,35800,33600,31500,30800,30000,28800,28100,27700,I̐()-4
174,1135.2932670644434.2097294527141,135.29326706444,34.2097294527141,135.29326706444,34.2097294527141,151,302082,I̐()-5,n,Z,I̐s,Mu쒬RmTVRԂP,,135.29328,34.20974,66000,66000,65500,64000,62800,61500,56500,53000,50200,47000,43600,40500,37600,35500,34000,32300,30600,28000,26500,24900,23400,22200,21200,20300,I̐()-5
175,1135.2884369845534.2109494795647,135.28843698455,34.2109494795647,135.28843698455,34.2109494795647,152,302082,I̐()-6,n,Z,I̐s,Mu쒬RrqJQVVԂVTW,,135.28845,34.21096,90000,90000,89500,85000,82500,79600,71700,66900,62900,58000,53700,49200,45000,42000,39000,36700,34600,31300,29900,29000,28100,27300,26600,26000,I̐()-6
176,1135.42908689046334.2908405924856,135.429086890463,34.2908405924856,135.429086890463,34.2908405924856,153,302082,I̐()-7,n,Z,I̐s,㎚EPOUԂPO,,135.4291,34.29085,,,39000,38700,38500,38100,37400,36800,35500,34000,32000,29900,27800,27000,26000,24800,23100,21500,20200,18900,18000,17200,16500,15900,I̐()-7
177,1135.39899672858334.273680740091,135.398996728583,34.273680740091,135.398996728583,34.273680740091,154,302082,I̐()-8,n,Z,I̐s,͎œcPRVXԂPU,,135.39901,34.27369,,92000,91000,90000,89400,86000,78400,73800,69300,63800,58000,53000,47900,45200,43500,41800,39200,36500,34300,32600,31000,29800,28800,28000,I̐()-8
178,1135.38717687004834.2719704865918,135.387176870048,34.2719704865918,135.387176870048,34.2719704865918,155,302082,I̐()-9,n,Z,I̐s,c䎚C({)łTOPԂTT,,135.38719,34.27198,66800,66800,66800,66500,66300,66000,62700,60000,56300,52400,48200,44200,40200,37800,36000,34400,32300,30300,28200,26700,25500,24500,24000,23700,I̐()-9
179,1135.43493701126334.2712508615064,135.434937011263,34.2712508615064,135.434937011263,34.2712508615064,156,302082,I̐()-10,n,Z,I̐s,萼쎚mXQVPԂQ,,135.43495,34.27126,59500,59500,59500,59000,58500,57700,53700,51500,48600,45500,41900,38600,35700,33700,32400,31000,29100,27200,25300,23600,22000,20900,20500,20000,I̐()-10
180,1135.31860752658134.2080294881821,135.318607526581,34.2080294881821,135.318607526581,34.2080294881821,157,302082,I̐()-11,n,Z,I̐s,Mu쒬mmQUPԂQ,,135.31862,34.20804,51000,51000,50500,49500,49500,48500,46500,44600,43000,41200,38300,35600,33100,31500,30300,28700,27300,25500,23600,22300,21100,19900,18800,18100,I̐()-11
181,1135.44268735717934.266080729739,135.442687357179,34.266080729739,135.442687357179,34.266080729739,158,302082,I̐()-12,n,Z,I̐s,kO؃mSSPԂX,,135.4427,34.26609,,,,,,,,,,,,19000,18000,17000,16000,15200,14400,13400,12500,11700,11400,11100,11100,11100,I̐()-12
182,1135.33968792973534.2279798634185,135.339687929735,34.2279798634185,135.339687929735,34.2279798634185,159,302082,I̐()-13,n,Z,I̐s,RkmWRQԂR,,135.3397,34.22799,,65000,65000,64400,63900,62400,60000,58500,56000,52800,48800,44800,41200,39000,37200,35500,33700,30500,29100,27000,25100,23700,22700,21700,I̐()-13
183,1135.36152782038734.2466698742871,135.361527820387,34.2466698742871,135.361527820387,34.2466698742871,160,302082,I̐()-14,n,Z,I̐s,RiVcǂRPQ,,135.36154,34.24668,37200,37200,37200,37000,36900,36500,36000,35500,34500,33000,31000,29000,27100,25500,24500,23600,22600,21000,20200,19500,18600,18100,17700,17400,I̐()-14
184,1135.38899756228334.2210294997555,135.388997562283,34.2210294997555,135.388997562283,34.2210294997555,161,302082,I̐()-15,n,Z,I̐s,RPc_PPURԂP,,135.38901,34.22104,16600,16600,16600,16600,16600,16400,16000,15800,15300,15000,14700,14200,13700,13200,12700,12300,11800,10800,10500,9900,9300,8730,8470,8220,I̐()-15
185,1135.32383734585434.2382898899135,135.323837345854,34.2382898899135,135.323837345854,34.2382898899135,162,302082,I̐()-16,n,Z,I̐s,Mu쒬ېmPTUVԂPR,,135.32385,34.2383,72800,72800,72800,70800,69200,67500,62600,58800,55700,52200,48300,44700,41300,39100,37500,35500,33700,30800,29400,27800,26200,25300,24700,24300,I̐()-16
186,1135.36286729829934.2660899440323,135.362867298299,34.2660899440323,135.362867298299,34.2660899440323,163,302082,I̐()5-1,n,,I̐s,䎚gXSԂP,,135.36288,34.2661,173000,165000,157000,147000,140000,133000,122000,115000,108000,99500,90800,80500,71000,66000,62500,59400,55400,51800,48500,46500,43800,41600,40500,40000,I̐()5-1
187,1135.40818674717734.2691307583622,135.408186747177,34.2691307583622,135.408186747177,34.2691307583622,164,302082,I̐()5-2,n,,I̐s,͎OcSPWԂQO,,135.4082,34.26914,,,,,,135000,125000,117000,112000,104000,92500,82400,71800,67000,63300,60100,56200,53000,50000,48000,45200,43000,40800,39100,I̐()5-2
188,1135.3513779501534.239569892688,135.35137795015,34.239569892688,135.35137795015,34.239569892688,166,302082,I̐()5-4,n,,I̐s,RcRUPԂP,,135.35139,34.23958,90200,90200,90200,89200,88300,85200,81000,77000,73900,70300,64700,59400,54500,50500,47500,44900,42400,38500,36500,33600,31500,30200,29200,28300,I̐()5-4
189,1135.37327686584534.286629986149,135.373276865845,34.286629986149,135.373276865845,34.286629986149,167,302082,I̐()9-1,n,H,I̐s,kcGqPOVXԂPOO,,135.37329,34.28664,,,,,,,,,,,,,,,,22000,20700,19200,18200,17400,16500,15800,15200,14900,I̐()9-1
190,1135.29963634009734.2663592536395,135.299636340097,34.2663592536395,135.299636340097,34.2663592536395,169,302091,o()-2,n,Z,os,݃mPVXԂP,,135.29965,34.26637,,58000,57000,54600,54000,52600,49500,46900,45000,42700,40500,38400,35000,33000,31800,31100,29500,28800,28000,27400,27100,26800,26400,25600,o()-2
191,1135.31848688001434.2714894868823,135.318486880014,34.2714894868823,135.318486880014,34.2714894868823,170,302091,o()-3,n,Z,os,쎚mQQPԂPX,,135.3185,34.2715,,,,,,,69700,65200,62000,57500,53000,49000,45500,43200,41800,41300,40800,40200,39400,39400,40200,40200,40800,41200,o()-3
192,1135.28559577799434.2730588555213,135.285595777994,34.2730588555213,135.285595777994,34.2730588555213,171,302091,o()-4,n,Z,os,SSUԂSW,,135.28561,34.27307,109000,109000,105000,98900,95000,89300,79700,74800,69500,63900,58700,54000,50700,48600,47100,46100,45000,44500,43700,43700,44500,44900,45800,46000,o()-4
193,1135.31779708670634.2538297835949,135.317797086706,34.2538297835949,135.317797086706,34.2538297835949,172,302091,o()-5,n,Z,os,k[QWTԂPO,,135.31781,34.25384,,,,,,,,,79000,72800,66700,61400,56800,54200,53000,52500,51000,50100,49100,48600,48600,48600,48600,48300,o()-5
194,1135.31852700028634.2638696562238,135.318527000286,34.2638696562238,135.318527000286,34.2638696562238,173,302091,o()-6,n,Z,os,OSRԂQU,,135.31854,34.26388,105000,105000,102000,97000,93000,87000,77700,72400,67500,62000,57200,52900,48700,46000,44800,44100,42700,42300,41200,40500,41300,41300,41300,41000,o()-6
195,1135.33032727286434.2680498043453,135.330327272864,34.2680498043453,135.330327272864,34.2680498043453,174,302091,o()3-1,n,,os,XTTP,,135.33034,34.26806,,,,,41000,39300,37200,34500,31100,27700,24000,20000,17000,15500,14800,14500,14100,13900,13700,13500,13800,13800,13800,13800,o()3-1
196,1135.31745706648934.2547897657447,135.317457066489,34.2547897657447,135.317457066489,34.2547897657447,175,302091,o()5-1,n,,os,RUSԂS,,135.31747,34.2548,250000,225000,210000,193000,183000,170000,153000,140000,129000,119000,110000,100000,91000,84600,80200,77200,73500,71600,69700,68000,68000,68500,68500,68500,o()5-1
197,1135.30623667427334.2588695064163,135.306236674273,34.2588695064163,135.306236674273,34.2588695064163,176,302091,o()5-2,n,,os,쎚ۓcPRPԂP,,135.30625,34.25888,,,,,,,,,,138000,127000,112000,102000,94400,88700,85100,82500,80000,77800,76200,75400,75400,75400,75500,o()5-2
198,1135.31735798488734.1824690814056,135.317357984887,34.1824690814056,135.317357984887,34.1824690814056,178,303046,I()-2,n,Z,I쒬,JPUԂT,,135.31737,34.18248,15500,15500,15500,15500,15500,15500,15500,15500,15500,15500,15500,15300,15200,15100,15000,14900,14800,14700,14500,14000,13600,13200,13000,12800,I()-2
199,1135.31790853011334.1569687229434,135.317908530113,34.1569687229434,135.317908530113,34.1569687229434,179,303046,I()-3,n,Z,I쒬,X㒆ʂSURԂR,,135.31792,34.15698,37800,37800,37800,37800,37800,37800,37800,37800,37800,37400,37000,36500,36000,35100,34300,33500,31800,29900,28000,26000,24500,23300,22200,21200,I()-3
200,1135.34347907352134.154638707167,135.343479073521,34.154638707167,135.343479073521,34.154638707167,180,303046,I()-4,n,Z,I쒬,c_QOOԓ,,135.34349,34.15465,20000,20000,20000,20000,20000,20000,20000,20000,20000,19800,19600,19300,19200,19100,19000,18900,18800,17900,16800,15800,14900,14200,13700,13300,I()-4
201,1135.36822899427634.1719186665353,135.368228994276,34.1719186665353,135.368228994276,34.1719186665353,181,303046,I()-5,n,Z,I쒬,䉁_TSVԂP,,135.36824,34.17193,11300,11300,11300,11300,11300,11300,11300,11300,11300,11200,11100,10900,10800,10700,10600,10500,10400,9880,9250,8770,8350,8000,7920,7880,I()-5
202,1135.44546799806134.1462990845532,135.445467998061,34.1462990845532,135.445467998061,34.1462990845532,182,303046,I()-1,n,Z,I쒬,吼RXTԂP,,135.44548,34.14631,7430,7430,7430,7430,7430,7430,7430,7430,7430,7300,7200,7200,7200,7100,7000,6900,6800,6700,6600,6500,6400,6300,6270,6230,I()-1
203,1135.53007639681934.3006217948473,135.530076396819,34.3006217948473,135.530076396819,34.3006217948473,184,303411,炬()-1,n,Z,炬,厚mPUOԂRP,,135.53009,34.30063,94500,94500,92000,91000,88400,87000,81000,77200,74000,70000,65100,61000,56500,52800,51500,50500,49000,46500,44800,42000,40200,38700,37500,36400,炬()-1
204,1135.51691630079234.3021516044808,135.516916300792,34.3021516044808,135.516916300792,34.3021516044808,185,303411,炬()-2,n,Z,炬,厚mkcVUWԂPV,,135.51693,34.30216,90000,88700,88000,87000,85200,82000,76200,72800,70000,65500,59200,54500,50200,46900,44800,44000,42700,40800,39000,37800,36200,34900,33800,32700,炬()-2
205,1135.51519891247134.1364105101978,135.515198912471,34.1364105101978,135.515198912471,34.1364105101978,187,303411,炬()-4,n,Z,炬,厚ԉr_HUOS,,135.51521,34.13642,5970,5970,5970,5970,5970,5970,5900,5900,5800,5700,5600,5500,5400,5320,5270,5220,5100,4800,4600,4500,4400,4350,4330,4310,炬()-4
206,1135.51748645922334.2977715484747,135.517486459223,34.2977715484747,135.517486459223,34.2977715484747,189,303411,炬()5-1,n,,炬,厚Vc㓈kPOUԂU,,135.5175,34.29778,,,,,,,98000,91600,85000,78000,68800,62000,57000,53400,52200,50600,48600,46200,43100,41800,39800,38200,36700,35300,炬()5-1
207,1135.55368640411334.2929920964108,135.553686404113,34.2929920964108,135.553686404113,34.2929920964108,191,303437,xR()-2,n,Z,xR,厚miTWVԂP,,135.5537,34.293,52000,52000,52000,52000,52000,52000,51500,51000,50000,46500,42500,40000,37500,35500,34100,33100,32000,31700,30200,28700,27300,26000,24900,23900,xR()-2
208,1135.55363730110734.2671120345465,135.553637301107,34.2671120345465,135.553637301107,34.2671120345465,192,303437,xR()-3,n,Z,xR,厚Ñ򎚖ROXԂR,,135.55365,34.26712,,,,,,,,,,26500,26200,25800,25200,24600,24100,23700,23000,22500,21900,21300,20700,20200,19800,19500,xR()-3
209,1135.57503775369234.2133928732328,135.575037753692,34.2133928732328,135.575037753692,34.2133928732328,194,303445,()-1,n,Z,쒬,厚R@JQRSԂU,,135.57505,34.2134,54500,54500,54500,54500,54500,54000,53500,53000,52500,52000,51000,50000,49000,48000,47500,47300,46000,45100,43100,41800,39500,37500,36000,34600,()-1
210,1135.59146766520734.2197429768823,135.591467665207,34.2197429768823,135.591467665207,34.2197429768823,195,303445,()-2,n,Z,쒬,厚R@JSSԂW,,135.59148,34.21975,50600,50600,50600,50600,50600,50500,50400,50000,49500,49000,48000,47000,46000,45100,44200,43800,42500,41400,39500,38400,35300,32500,31200,30000,()-2
211,1135.59567782142734.2121629841452,135.595677821427,34.2121629841452,135.595677821427,34.2121629841452,196,303445,()-3,n,Z,쒬,厚R@ԒJTOVԂT,,135.59569,34.21217,52300,52300,52300,52300,52300,52000,51700,51300,50800,50300,49300,48300,47300,46300,45400,44800,43500,42400,40500,39200,37500,36000,34800,33700,()-3
212,1135.58750778030234.2126629062318,135.587507780302,34.2126629062318,135.587507780302,34.2126629062318,197,303445,()5-1,n,,쒬,厚RcJVUVԂP,,135.58752,34.21267,188000,188000,188000,183000,180000,177000,173000,170000,167000,164000,156000,148000,140000,131000,127000,125000,120000,116000,108000,102000,96500,91500,88800,86100,()5-1
213,1135.16646966911834.0436961025626,135.166469669118,34.0436961025626,135.166469669118,34.0436961025626,198,303615,()-1,n,Z,,厚{rKXXU,,135.16648,34.04371,42300,42300,42300,42300,42300,42300,41800,41000,40300,39500,38700,37600,36200,35200,34800,34000,33000,31800,30500,29100,27900,26400,25300,24500,()-1
214,1135.18579056071334.0314153730147,135.185790560713,34.0314153730147,135.185790560713,34.0314153730147,199,303615,()-2,n,Z,,厚؎JTSXԂV,,135.1858,34.03143,79000,79000,79000,78300,78300,77200,75500,73800,71800,69600,67500,65200,63000,61000,60100,58800,57000,54700,51000,47500,45100,43300,42000,41100,()-2
215,1135.1821202219134.0397256804695,135.18212022191,34.0397256804695,135.18212022191,34.0397256804695,201,303615,()-4,n,Z,,厚󎚋{mPVUUԂR,,135.18213,34.03974,78000,78000,78000,78000,78000,77200,76000,74700,73600,71200,69000,66900,64800,62500,61600,61000,58600,55700,52000,48200,45500,42900,40700,39100,()-4
216,1135.18732029920734.0404755890907,135.187320299207,34.0404755890907,135.187320299207,34.0404755890907,202,303615,()5-1,n,,,厚󎚓QRQWԂR,,135.18733,34.04049,201000,199000,193000,188000,184000,177000,169000,161000,151000,133000,120000,108000,95000,84500,82000,80400,75000,70500,64800,59600,55400,51600,48600,46300,()5-1
217,1135.16995043479334.0133551901872,135.169950434793,34.0133551901872,135.169950434793,34.0133551901872,204,303623,L()-2,n,Z,L쒬,厚R{ԈiSSP,,135.16996,34.01337,35800,35800,35800,35800,35800,35600,35400,35000,34700,34400,34100,33800,32500,31300,30300,29500,28300,27000,25600,24800,22500,21400,20800,20300,L()-2
218,1135.21396079381733.9795550016014,135.213960793817,33.9795550016014,135.213960793817,33.9795550016014,205,303623,L()-3,n,Z,L쒬,厚Ö؎VSRԂR,,135.21397,33.97957,,,,,,22000,22000,22000,21900,21700,21500,21300,21000,20700,20300,20000,19400,18700,17900,17600,17500,17000,16900,16800,L()-3
219,1135.20226009611434.0611860176643,135.202260096114,34.0611860176643,135.202260096114,34.0611860176643,207,303666,Lc()-1,n,Z,Lc쒬,厚VEcWWԂQO,,135.20227,34.0612,72000,72000,72000,72000,72000,71500,69800,68000,66000,64500,62800,62700,61900,61300,61300,61300,60000,58000,56000,54000,52700,51900,51900,51900,Lc()-1
220,1135.19950017591934.0528656977368,135.199500175919,34.0528656977368,135.199500175919,34.0528656977368,208,303666,Lc()-2,n,Z,Lc쒬,厚K_PPSTԂU,,135.19951,34.05288,,81000,81000,80500,80500,79600,77900,76000,74000,73000,71300,69600,68200,67500,67500,67500,66000,64000,61600,59100,57300,56400,56400,56400,Lc()-2
221,1135.25273971154834.0676256971688,135.252739711548,34.0676256971688,135.252739711548,34.0676256971688,210,303666,Lc()-4,n,Z,Lc쒬,厚sꎚPTW,,135.25275,34.06764,63000,63000,63000,63000,63000,63000,62700,62400,62000,61800,61300,60500,59300,57500,56500,54800,51800,48500,45000,42200,39600,36900,35000,33800,Lc()-4
222,1135.26128975001934.0501750437039,135.261289750019,34.0501750437039,135.261289750019,34.0501750437039,211,303666,Lc()-5,n,Z,Lc쒬,厚쎛zQRX,,135.2613,34.05019,24800,24800,24800,24800,24800,24800,24800,24800,24800,24800,24600,24500,24200,23700,23600,23600,23100,22400,21700,21100,21000,20400,20300,20200,Lc()-5
223,1135.27646984504334.077456722539,135.276469845043,34.077456722539,135.276469845043,34.077456722539,212,303666,Lc()-6,n,Z,Lc쒬,厚쎚gcPVVXԊO,,135.27648,34.07747,47000,47000,47000,47000,47000,47000,46800,46600,45200,45000,44700,44400,43600,42300,41500,40600,38600,36300,33800,31400,29200,27000,25500,24500,Lc()-6
224,1135.450129223334.096529615556,135.4501292233,34.096529615556,135.4501292233,34.096529615556,213,303666,Lc()-7,n,Z,Lc쒬,厚v쌴ԂPPOXԂQ,,135.45014,34.09654,10000,10000,10000,10000,10000,10000,10000,10000,9980,9950,9900,9850,9750,9550,9350,9250,8900,8630,8440,8320,8320,8200,8100,8000,Lc()-7
225,1135.34395116718134.0484478309723,135.343951167181,34.0484478309723,135.343951167181,34.0484478309723,215,303666,Lc()-3,n,Z,Lc쒬,厚^RRXX,,135.34396,34.04846,25500,25500,25500,25500,25500,25300,25300,25300,25200,25100,24900,24700,24400,23900,23500,22400,20300,19300,18400,16600,15100,14000,13300,12700,Lc()-3
226,1135.24998978080634.0634854161808,135.249989780806,34.0634854161808,135.249989780806,34.0634854161808,216,303666,Lc()5-1,n,,Lc쒬,厚ck_QSPԂX,,135.25,34.0635,205000,199000,193000,186000,182000,17300,156000,139000,123000,109000,95900,83000,75000,70000,68000,65800,61900,58000,53900,48500,44800,41300,38300,35800,Lc()5-1
227,1135.1253620523433.8982848586519,135.12536205234,33.8982848586519,135.12536205234,33.8982848586519,217,303810,l()-1,n,Z,l,厚ac{_PTWXԂR,,135.12537,33.8983,34700,34700,34700,34700,34700,34700,34700,34600,34600,34200,33800,33100,32400,31600,30600,29700,28700,27300,25800,24000,22500,21500,20800,20300,l()-1
228,1135.13996197562833.8954350577057,135.139961975628,33.8954350577057,135.139961975628,33.8954350577057,218,303810,l()-2,n,Z,l,厚g吼TSVԂPS,,135.13997,33.89545,51000,51000,51000,51000,51000,50700,50500,50500,50400,50000,49500,48400,47400,46000,44400,43000,41600,39500,37700,35500,34000,32900,32100,31400,l()-2
229,1135.0822124847633.8910737786158,135.08221248476,33.8910737786158,135.08221248476,33.8910737786158,219,303810,l()-3,n,Z,l,厚OmlWWS,,135.08222,33.89109,,,,,,,,,,28700,28400,27800,27300,26700,26000,25100,24200,23000,21600,20100,18700,17500,16600,15900,l()-3
230,1135.08339189622833.921194017557,135.083391896228,33.921194017557,135.083391896228,33.921194017557,221,303828,()-1,n,Z,,厚䎚_cXWP,,135.0834,33.92121,22600,22600,22600,22400,22400,22000,22000,22000,22000,22000,21800,21500,21000,20400,19800,19300,18800,18000,17100,15800,14500,13500,13100,12700,()-1
231,1135.15100138160133.9263350472462,135.151001381601,33.9263350472462,135.151001381601,33.9263350472462,222,303828,()-2,n,Z,,厚t؎VOURTԂQO,,135.15101,33.92635,31800,31800,31800,31600,31600,31500,31500,31500,31500,31300,31000,30600,30000,29100,28300,27500,26700,25500,24200,23100,22100,21400,20900,20500,()-2
232,1135.13987144082333.9255550514559,135.139871440823,33.9255550514559,135.139871440823,33.9255550514559,223,303828,()-3,n,Z,,厚Ǝm؂UQOԂS,,135.13988,33.92557,45000,45000,45000,44800,44800,44400,44200,44000,43800,43400,43000,42500,41500,40600,39600,38600,37600,35800,34000,32500,31200,29800,28900,28400,()-3
233,1135.14359141737533.9258050526782,135.143591417375,33.9258050526782,135.143591417375,33.9258050526782,224,303828,()5-1,n,,,厚OcWVRԂR,,135.1436,33.92582,,,,,,,,,,74400,73000,71500,69000,65600,62400,59400,56000,52600,49300,46500,44100,42000,40300,39700,()5-1
234,1135.1158607768133.9610244071958,135.11586077681,33.9610244071958,135.11586077681,33.9610244071958,225,303836,R()-1,n,Z,Rǒ,厚ԑ㎚QOPԂPR,,135.11587,33.96104,47000,47000,47000,46600,46400,46200,45900,45700,45600,44700,44000,43500,42500,40800,39200,37700,35900,33600,31400,29200,27500,26300,25400,24800,R()-1
235,1135.10396063634633.9675341796263,135.103960636346,33.9675341796263,135.103960636346,33.9675341796263,226,303836,R()-2,n,Z,Rǒ,厚䎚QTQԂSW,,135.10397,33.96755,38000,38000,38000,37800,37800,37800,37800,37700,37700,37500,37300,36900,36000,34800,33800,32800,31300,29800,28300,26500,25200,24200,23500,22900,R()-2
236,1135.10710953318133.9885341143568,135.107109533181,33.9885341143568,135.107109533181,33.9885341143568,227,303836,R()-3,n,Z,Rǒ,厚ߓގOc؂VUVԂQ,,135.10712,33.98855,,,,,,,,33500,33500,33500,33200,32800,32000,31000,30100,29300,28200,26900,25500,23800,22100,20900,20200,19700,R()-3
237,1135.12176072392333.9604045266022,135.121760723923,33.9604045266022,135.121760723923,33.9604045266022,228,303836,R()5-1,n,,Rǒ,厚{mOQVUԂP,,135.12177,33.96042,,,,,,,74400,73800,73400,72300,70800,68600,66000,63000,60000,57100,53700,49900,45900,42100,39500,37400,36200,35300,R()5-1
238,1135.24021263752233.7980064656829,135.240212637522,33.7980064656829,135.240212637522,33.7980064656829,229,303909,()-1,n,Z,쒬,厚cckXWS,,135.24022,33.79802,36300,36300,36300,36300,36300,36300,36300,36300,36100,35400,34700,34000,33300,32500,31900,30600,29100,27500,26100,25000,24000,23000,22300,21800,()-1
239,1135.22132296204233.8301460572418,135.221322962042,33.8301460572418,135.221322962042,33.8301460572418,230,303909,()-2,n,Z,쒬,厚RsVmJPRPW,,135.22133,33.83016,27000,27000,27000,27000,27000,27000,27000,27000,26900,26400,25900,25500,25000,24500,24200,23400,22600,21500,20500,19600,19100,18600,18100,17700,()-2
240,1135.29038205294233.8704562844615,135.290382052942,33.8704562844615,135.290382052942,33.8704562844615,231,303909,()-3,n,Z,쒬,厚mQUS,,135.29039,33.87047,10100,10100,10100,10100,10100,9900,9900,9900,9900,9600,9400,9200,9000,8800,8700,8340,7960,7530,7130,6800,6800,6700,6650,6650,()-3
241,1135.22014284501233.8133364371165,135.220142845012,33.8133364371165,135.220142845012,33.8133364371165,232,303909,()5-1,n,,쒬,厚쎚{RPSWԂQ,,135.22015,33.81335,78600,78000,78000,78000,77000,76000,75200,74500,73300,71300,69000,67000,65000,62000,60100,55900,52000,47300,43900,40800,38000,35400,33100,31500,()5-1
242,1135.28676343244233.7848762283277,135.286763432442,33.7848762283277,135.286763432442,33.7848762283277,233,303917,݂Ȃ()-1,n,Z,݂Ȃג,㎚ێRQOST,,135.28677,33.78489,19100,19100,19100,19100,19100,19100,19000,19000,19000,18600,18200,17800,17500,17200,17000,16500,16000,15500,15000,14500,13900,13500,13200,13000,݂Ȃ()-1
243,1135.32958422947733.7477064860256,135.329584229477,33.7477064860256,135.329584229477,33.7477064860256,234,303917,݂Ȃ()-2,n,Z,݂Ȃג,䎚؂SWRԂT,,135.32959,33.74772,45000,45000,45000,45000,45000,44600,44300,44000,43600,42700,41500,40500,39500,38500,37700,36200,34900,33500,32000,30500,29000,27800,26800,25900,݂Ȃ()-2
244,1135.32553386102133.7609066128606,135.325533861021,33.7609066128606,135.325533861021,33.7609066128606,235,303917,݂Ȃ()-3,n,Z,݂Ȃג,c`aPTU,,135.32554,33.76092,64000,64000,64000,64000,64000,63200,62700,62200,61600,60500,58700,57000,55500,53700,52400,50300,48300,46300,44000,41700,39700,38100,36800,35600,݂Ȃ()-3
245,1135.328213225333.8069269029996,135.3282132253,33.8069269029996,135.3282132253,33.8069269029996,236,303917,݂Ȃ()-4,n,Z,݂Ȃג,{v@PQVPԂQO,,135.32822,33.80694,53300,53300,53300,53300,53300,53300,53300,53300,53000,52000,51000,50000,49000,47500,46300,44400,42400,40500,38300,36300,34300,32900,31300,30000,݂Ȃ()-4
246,1135.1831215934833.9093348934403,135.18312159348,33.9093348934403,135.18312159348,33.9093348934403,239,303925,()-1,n,Z,쒬,厚F@QRTVԂX,,135.18313,33.90935,41500,41500,41500,41500,41500,41500,41300,41000,40700,40400,40000,39600,38900,37300,35800,34500,33200,31300,29800,28500,27400,26400,25500,25100,()-1
247,1135.2393423447533.8904051982538,135.23934234475,33.8904051982538,135.23934234475,33.8904051982538,240,303925,()-2,n,Z,쒬,厚]쎚Y_PUTQԂPO,,135.23935,33.89042,12600,12600,12200,12200,12200,12000,12000,12000,11900,11800,11700,11600,11400,11200,11000,10600,10200,9700,9300,9000,8800,8640,8510,8380,()-2
248,1135.21575174841233.9220749813771,135.215751748412,33.9220749813771,135.215751748412,33.9220749813771,241,303925,()-3,n,Z,쒬,厚`؂SWSԂP,,135.21576,33.92209,11200,11200,11200,11200,11200,11200,11200,11200,11200,11200,11100,11000,10800,10600,10400,10000,9700,9250,8900,8600,8200,8000,7850,7730,()-3
249,1135.29447079009833.9278962899669,135.294470790098,33.9278962899669,135.294470790098,33.9278962899669,242,303925,()-4,n,Z,쒬,厚쎚_RSSԂPO,,135.29448,33.92791,10600,10600,10600,10600,10600,10600,10600,10600,10600,10600,10500,10400,10200,10000,9800,9500,9200,8700,8300,8000,7650,7420,7280,7170,()-4
250,1135.36756095011733.9815972999292,135.367560950117,33.9815972999292,135.367560950117,33.9815972999292,243,303925,()-5,n,Z,쒬,厚쌴͎m~PXP,,135.36757,33.98161,,,,,,,,,,14700,14600,14500,14300,14000,13500,13000,12500,11800,11100,10700,10200,9980,9780,9630,()-5
251,1135.27425073507833.9582759073641,135.274250735078,33.9582759073641,135.274250735078,33.9582759073641,244,303925,()-6,n,Z,쒬,厚DÎcRQXԂQ,,135.27426,33.95829,17500,17500,17500,17500,17500,17500,17500,17500,17500,17500,17300,17100,16800,16500,16000,15500,15000,14200,13400,12800,12100,11600,11200,10900,()-6
252,1135.38551117852933.9598674998808,135.385511178529,33.9598674998808,135.385511178529,33.9598674998808,245,303925,()-7,n,Z,쒬,厚쎚QPRԂXO,,135.38552,33.95988,7880,7880,7880,7880,7880,7880,7880,7880,7880,7880,7840,7800,7670,7550,7430,7200,6950,6550,6200,6000,5850,5740,5650,5560,()-7
253,1135.34992702071533.6821858975827,135.349927020715,33.6821858975827,135.349927020715,33.6821858975827,248,304018,l()-2,n,Z,l,JRPSRԂTP,,135.34993,33.6822,82000,82000,82000,82000,82000,82000,80000,78000,76000,74000,71400,68600,66000,61200,56800,53000,50000,47000,44000,39800,37000,35500,34500,33800,l()-2
254,1135.33390712591633.6679455080355,135.333907125916,33.6679455080355,135.333907125916,33.6679455080355,249,304018,l()-3,n,Z,l,Z؂QXQVԂTWVO,,135.33391,33.66796,91000,90000,87000,84000,81700,80000,75000,69000,63400,57300,51600,46300,39000,35800,33000,31000,29000,27000,25300,23500,22000,21000,20400,19900,l()-3
255,1135.37856742979733.6757563328296,135.378567429797,33.6757563328296,135.378567429797,33.6757563328296,250,304018,l()-4,n,Z,l,cPQRXXԂUX,,135.37857,33.67577,77000,76000,75000,74000,74000,73200,69000,65000,61000,55000,49600,44800,42500,40000,38000,36000,34000,32000,30800,29700,29000,29000,30000,31000,l()-4
256,1135.44435070718933.5645557280191,135.444350707189,33.5645557280191,135.444350707189,33.5645557280191,252,304018,l()-6,n,Z,l,uAHWUO,,135.44435,33.56457,,,,,,,,23500,23200,22800,22300,21800,21400,21100,20500,20000,19500,18800,18000,16500,16000,15600,15200,14800,l()-6
257,1135.46528057904433.5788660939555,135.465280579044,33.5788660939555,135.465280579044,33.5788660939555,253,304018,l()-5,n,Z,l,mPPPԂQ,,135.46528,33.57888,15300,15300,15300,15300,15300,15100,15100,15100,14900,14600,14300,13900,13600,13300,13000,12700,12400,12000,11500,11300,11000,10800,10600,10400,l()-5
258,1135.34550689911433.6850657720409,135.345506899114,33.6850657720409,135.345506899114,33.6850657720409,254,304018,l()5-1,n,,l,xWXOԂWWO,,135.34551,33.68508,,,350000,335000,325000,315000,300000,265000,233000,200000,172000,154000,138000,125000,116000,108000,102000,96000,91000,86000,83000,81000,80000,79500,l()5-1
259,1135.44904063458833.5690458296497,135.449040634588,33.5690458296497,135.449040634588,33.5690458296497,255,304018,l()5-2,n,,l,uJPnVXԂQ,,135.44904,33.56906,,60000,60000,59500,58800,58000,57000,56000,55000,53000,51100,49000,47100,45600,44000,42500,41000,38800,36600,33500,30500,28500,27000,26000,l()5-2
260,1135.44274653957533.7072071164958,135.442746539575,33.7072071164958,135.442746539575,33.7072071164958,256,304042,xc()-1,n,Z,xc,cVPVRVԂPO,,135.44275,33.70722,40000,40600,41000,41000,41000,41000,41000,40500,40000,39500,38500,37000,35600,34600,33500,32400,31700,30800,29800,28900,28000,27400,26800,26400,xc()-1
261,1135.4188163661133.702166595853,135.41881636611,33.702166595853,135.41881636611,33.702166595853,257,304042,xc()-2,n,Z,xc,nmJQRQRԂQQ,,135.41882,33.70218,48000,48000,48000,48000,48000,48000,47500,46800,46200,45500,44100,43000,41200,40000,38800,37500,36000,34300,32500,31500,30500,29900,29500,29200,xc()-2
262,1135.42757668772433.6927764769673,135.427576687724,33.6927764769673,135.427576687724,33.6927764769673,258,304042,xc()-3,n,Z,xc,nVcUSXԂP,,135.42758,33.69279,55000,55000,55000,55000,55000,54500,54000,53500,53000,52200,50200,48300,46400,44800,43300,41700,40000,38000,36000,34000,32500,31500,30800,30300,xc()-3
263,1135.41901650500933.6966564561159,135.419016505009,33.6966564561159,135.419016505009,33.6966564561159,259,304042,xc()5-1,n,,xc,QSTXԂPR,,135.41902,33.69667,87600,86700,86000,85100,84000,83000,81000,79200,77400,75500,71000,66700,62500,58600,55500,52400,49000,45400,42200,39200,37500,36400,35300,34300,xc()5-1
264,1135.49783242598833.5536758220434,135.497832425988,33.5536758220434,135.497832425988,33.5536758220434,260,304069,()-1,n,Z,ݒ,QcRXPT,,135.49783,33.55369,,,,,,,,,,,,,,,,34300,33500,32600,31600,30100,28400,27700,27000,26300,()-1
265,1135.5026721949333.559355899665,135.50267219493,33.559355899665,135.50267219493,33.559355899665,261,304069,()-2,n,Z,ݒ,QւQTPOԂP,,135.50267,33.55937,28600,28600,28600,28600,28600,28600,28600,28600,28300,27900,27600,27300,27000,26500,26000,25500,25000,24400,23700,22700,22000,21500,21100,20700,()-2
266,1135.60405324501633.5128877253472,135.604053245016,33.5128877253472,135.604053245016,33.5128877253472,262,304069,()-3,n,Z,ݒ,]ZPOPVԂW,,135.60405,33.5129,,,,,,,,,,,,,,,,16500,16300,16000,15600,15000,14400,14100,13800,13600,()-3
267,1135.92284155233933.5804215553269,135.922841552339,33.5804215553269,135.922841552339,33.5804215553269,264,304212,ߒqY()-1,n,Z,ߒqY,厚ԏWWWԂRO,,135.92284,33.58043,54000,54000,54000,53500,53000,51200,50200,48500,46800,44500,42300,39500,37500,35800,34300,33000,31500,28800,26400,24200,21800,20700,20000,19400,ߒqY()-1
268,1135.92791117380533.6482320122428,135.927911173805,33.6482320122428,135.927911173805,33.6482320122428,265,304212,ߒqY()-2,n,Z,ߒqY,厚֎݃mRWU,,135.92791,33.64824,,,,,,,,,36500,35400,34200,32800,31800,30800,30000,29300,28200,26500,25200,22000,19700,18700,17900,17100,ߒqY()-2
269,1135.93843144365733.6279420778263,135.938431443657,33.6279420778263,135.938431443657,33.6279420778263,266,304212,ߒqY()-3,n,Z,ߒqY,厚PڂPSW,,135.93843,33.62795,107000,107000,105000,105000,104000,100000,95500,91000,87700,82400,77500,71500,67200,63500,60000,57000,54000,48800,44800,41000,37000,35400,34300,32800,ߒqY()-3
270,1135.92660125786233.6228920385365,135.926601257862,33.6228920385365,135.926601257862,33.6228920385365,267,304212,ߒqY()-4,n,Z,ߒqY,厚쎚QTUԂUO,,135.9266,33.6229,58000,58000,58000,58000,58000,58000,58000,57200,56400,53200,49000,45500,42300,40000,37800,35800,33800,30800,28500,27000,25200,24200,23400,22500,ߒqY()-4
271,1135.94312148094733.6306820786263,135.943121480947,33.6306820786263,135.943121480947,33.6306820786263,268,304212,ߒqY()5-1,n,,ߒqY,厚klPڂPU,,135.94312,33.63069,150000,149000,146000,145000,142000,136000,129000,122000,115000,109000,103000,94500,88000,81400,76000,70500,64800,58300,52600,47000,42000,39700,37500,36300,ߒqY()5-1
272,1135.92808160385633.5913016481826,135.928081603856,33.5913016481826,135.928081603856,33.5913016481826,269,304221,n()-1,n,Z,n,厚XYI\QTWԂS,,135.92808,33.59131,46000,46000,46000,46000,46000,45000,44500,43600,42500,41200,40000,38000,36200,34700,33000,31500,29900,27800,25400,23500,21600,20600,19700,18900,n()-1
273,1135.94472174270633.596131778434,135.944721742706,33.596131778434,135.944721742706,33.596131778434,270,304221,n()-2,n,Z,n,厚ngCSPVO,,135.94472,33.59614,58800,58800,58800,58800,58400,56600,55200,53700,52100,50000,48000,45000,42200,40000,38000,36000,34000,30600,27500,25000,22500,21500,20600,19200,n()-2
274,1135.95014180001933.5876616772083,135.950141800019,33.5876616772083,135.950141800019,33.5876616772083,271,304221,n()-3,n,Z,n,厚n˂UWSԂP,,135.95014,33.58767,47500,47500,47500,47500,47500,47000,46500,45000,43600,40900,38000,35200,32800,31100,29500,28200,26800,25000,24000,23000,22000,21200,20600,20000,n()-3
275,1135.69759170741333.5948297995131,135.697591707413,33.5948297995131,135.697591707413,33.5948297995131,273,304247,Í()-1,n,Z,Í쒬,cYnSTVԂR,,135.69759,33.59484,,,,,,,4940,4900,4850,4790,4730,4670,4610,4550,4490,4420,4320,4170,4000,3840,3690,3600,3540,3480,Í()-1
276,1135.7450330348233.5281103225546,135.74503303482,33.5281103225546,135.74503303482,33.5281103225546,274,304247,Í()-2,n,Z,Í쒬,ߐ쎚JPPRԂPO,,135.74503,33.52812,13600,13600,13600,13600,13600,13600,13500,13400,13300,13100,12900,12600,12300,12000,11700,11300,10800,10200,9590,9010,8470,8400,8360,8300,Í()-2
277,1135.82128205133333.5260104103721,135.821282051333,33.5260104103721,135.821282051333,33.5260104103721,275,304247,Í()-3,n,Z,Í쒬,r]PWQ,,135.82128,33.52602,52000,52000,52000,52000,52000,51500,51100,50800,50300,49100,47800,45500,43300,41000,38900,36500,34200,31700,29000,26400,24000,23200,22700,21900,Í()-3
278,1135.8222321076633.5244704230335,135.82223210766,33.5244704230335,135.82223210766,33.5244704230335,276,304247,Í()5-1,n,,Í쒬,r]RSԂTO,,135.82223,33.52448,69000,69000,69000,69000,68000,67200,65900,65000,64000,62400,60000,57000,53600,49900,46500,43300,40000,36800,33200,30000,27200,25900,25100,24300,Í()5-1
279,1135.98904478671733.9686358526331,135.989044786717,33.9686358526331,135.989044786717,33.9686358526331,277,304271,kR()-1,n,Z,kR,厚FmパXV,,135.98905,33.96864,7250,7250,7250,7250,7250,7200,7100,7100,6900,6800,6700,6600,6450,6320,6100,6000,5900,5700,5400,5200,5000,4900,4800,4750,kR()-1
280,1135.95179530833133.9385251474566,135.951795308331,33.9385251474566,135.951795308331,33.9385251474566,278,304271,kR()-2,n,Z,kR,厚䎚ЃuPTRԂQ,,135.9518,33.93853,10400,10400,10400,10400,10400,10200,10000,10000,9800,9700,9500,9300,9100,8900,8600,8400,8200,7900,7600,7400,7200,7000,6860,6750,kR()-2
281,1135.96363556583533.9307350455046,135.963635565835,33.9307350455046,135.963635565835,33.9307350455046,279,304271,kR()-3,n,Z,kR,厚PXU,,135.96364,33.93074,,,,,,,,,,16500,16200,15700,15200,14700,14100,13700,13300,12900,12500,12200,11500,11000,10600,10300,kR()-3
282,1135.71647465040533.486019441848,135.716474650405,33.486019441848,135.716474650405,33.486019441848,280,304280,{()-1,n,Z,{,c~OPOUOԂR,,135.71647,33.48603,30800,30800,30800,30800,30800,30800,30300,30000,29600,29000,28300,27600,26900,26100,25400,24500,23500,22000,20200,18200,16500,15100,14500,13800,{()-1
283,1135.76092574987333.4477700535321,135.760925749873,33.4477700535321,135.760925749873,33.4477700535321,281,304280,{()-2,n,Z,{,nPVORԂPO,,135.76092,33.44778,33300,33300,33300,33300,33300,33300,32700,32500,32100,31400,30600,29800,29000,28300,28000,27800,27000,25500,24000,23600,23400,24000,23700,23700,{()-2
284,1135.78676585031533.4793705262248,135.786765850315,33.4793705262248,135.786765850315,33.4793705262248,282,304280,{()-3,n,Z,{,{QQOO,,135.78676,33.47938,80000,80000,80000,80000,79000,78000,76800,74800,72800,70600,67600,64500,61600,58600,55700,52200,48700,45000,40600,36400,32700,30000,28700,27000,{()-3
285,1135.79690435206733.498230447284,135.796904352067,33.498230447284,135.796904352067,33.498230447284,284,304280,{()-5,n,Z,{,PSEUQUԂTO,,135.7969,33.49824,46200,46200,46200,46200,46200,46000,45700,45200,44300,43000,41700,40000,38400,36700,34800,33000,31200,29100,26500,23900,21600,19800,18900,18000,{()-5
286,1135.87017096592833.5362605511453,135.870170965928,33.5362605511453,135.870170965928,33.5362605511453,285,304280,{()-6,n,Z,{,cnSVQ,,135.87017,33.53627,30500,30500,30500,30500,30500,30200,30000,29700,29100,28500,27900,26900,25900,24900,24200,23300,22400,21000,19200,17400,15800,14500,13900,13200,{()-6
287,1135.78149625266233.4702404835322,135.781496252662,33.4702404835322,135.781496252662,33.4702404835322,286,304280,{()5-1,n,,{,{nPVRTԂXPO,,135.78149,33.47025,161000,159000,159000,157000,156000,153000,149000,143000,135000,128000,114000,102000,91300,84900,79000,73500,68000,62500,56300,51200,46500,43700,41000,39000,{()5-1
288,1135.10796858479934.2700984898802,135.107968584799,34.2700984898802,135.107968584799,34.2700984898802,287,302015,a̎R()-1,n,ђn,a̎Rs,JPPUR,,135.10798,34.27011,,,,,6500000,6000000,5700000,5100000,4340000,3900000,3550000,3200000,2500000,2250000,2050000,1850000,1670000,1540000,1410000,1300000,1200000,1110000,1050000,993000,a̎R()-1
289,1135.4326417925833.8967886412104,135.43264179258,33.8967886412104,135.43264179258,33.8967886412104,288,302066,a̎R()-2,n,ђn,cӎs,_bm쎚ʒJPQXWԂQ,,135.43265,33.8968,,,,,,,28000,27000,26500,26500,25800,24700,21500,19000,18000,17000,15400,14000,12700,11500,11000,10800,10600,10400,a̎R()-2
290,1135.26728975123934.0378453058151,135.267289751239,34.0378453058151,135.267289751239,34.0378453058151,289,303666,a̎R()-3,n,ђn,Lc쒬,厚쎚⌴WVVԊO,,135.2673,34.03786,248000,248000,248000,245000,240000,225000,214000,203000,193000,183000,170000,160000,144000,130000,117000,105000,94000,83000,73000,64200,56600,49800,45000,41500,a̎R()-3
291,1135.76200088155533.5985001611714,135.762000881555,33.5985001611714,135.762000881555,33.5985001611714,290,304247,a̎R()-4,n,ђn,Í쒬,쎚VTSԂP,,135.762,33.59851,38500,38500,38500,38000,37000,36000,35000,34000,33000,30000,27000,25000,22000,19000,17500,16000,14500,13000,11700,10500,10000,9850,9800,9750,a̎R()-4
292,1135.1927671681634.2498990164108,135.19276716816,34.2498990164108,135.19276716816,34.2498990164108,291,302015,a̎R()-32,n,Z,a̎Rs,L{ĖTVVԂPP,,135.19278,34.24991,,,,,,,,,,,,,,,,,,67500,60500,56000,51500,48500,45700,43100,a̎R()-32
293,1135.24723607281734.2690682478335,135.247236072817,34.2690682478335,135.247236072817,34.2690682478335,292,302015,a̎R()5-11,n,,a̎Rs,k쎚ÉSOXԂQO,,135.24725,34.26908,,,,,,,,,,,,,,,,,,69000,67000,62600,58500,55500,53600,53500,a̎R()5-11
294,1135.56955663558134.2845823537511,135.569556635581,34.2845823537511,135.569556635581,34.2845823537511,293,303437,xR()-1,n,Z,xR,厚xRRUURԂQO,,135.56957,34.28459,,,,,,,,,,,,,,,,,,29200,28000,26800,25200,24000,23100,22200,xR()-1
295,1135.32074376810833.7680865824764,135.320743768108,33.7680865824764,135.320743768108,33.7680865824764,294,303917,݂Ȃ()5-1,n,,݂Ȃג,kVʂQTWԂP,,135.32075,33.7681,,,,,,,,,,,,,,,,,,54500,52000,49500,47000,45100,43000,41000,݂Ȃ()5-1
296,1135.11954851273734.2594185935533,135.119548512737,34.2594185935533,135.119548512737,34.2594185935533,295,302015,a̎R()-33*,n,Z,a̎Rs,cQTPԂPP,,135.11956,34.25943,,,,,,,,,,,,,,,,,,,53500,51000,48600,47000,47000,46700,a̎R()-33*
297,1135.20296848779534.1610384452392,135.202968487795,34.1610384452392,135.202968487795,34.1610384452392,296,302023,C()5-1,n,,Cs,D_PTSԂPO,,135.20298,34.16105,,,,,,,,,,,,,,,,,,,72000,70000,66500,64300,62700,61500,C()5-1
298,1135.14719790287734.2704486263817,135.147197902877,34.2704486263817,135.147197902877,34.2704486263817,297,302015,a̎R()-22,n,Z,a̎Rs,fJTWRԂSP,,135.14721,34.27046,,,,,,,,,,,,,,,,,,,,61100,63400,68800,74000,75800,a̎R()-22
299,1135.26530623402234.2601485310817,135.265306234022,34.2601485310817,135.265306234022,34.2601485310817,298,302015,a̎R()5-19,n,,a̎Rs,ӎ_m؂PXRԂPO,,135.26532,34.26016,,,,,,,,,,,,,,,,,,,,48300,47000,46400,46400,46500,a̎R()5-19
300,1135.43368697985334.2736808377869,135.433686979853,34.2736808377869,135.433686979853,34.2736808377869,300,302082,I̐()5-3,n,,I̐s,sꎚO߂USԂP,,135.4337,34.27369,,,,,,,,,,,,,,,,,,,,38000,35500,33800,32200,30800,I̐()5-3
301,1135.18604157956733.910854873266,135.186041579567,33.910854873266,135.186041579567,33.910854873266,301,303925,()5-1,n,,쒬,厚FQSOVԂPO,,135.18605,33.91087,,,,,,,,,,,,,,,,,,,,34500,32800,32000,31400,31000,()5-1
302,1135.17148806397634.2159393935676,135.171488063976,34.2159393935676,135.171488063976,34.2159393935676,302,302015,a̎R()-28,n,Z,a̎Rs,SڂUԂPO,S|Q|RU,135.1715,34.21595,,,,,,,,,,,,,,,,,,,,,172000,177000,186000,190000,a̎R()-28
303,1135.40642503482733.7559973617716,135.406425034827,33.7559973617716,135.406425034827,33.7559973617716,303,302066,c()-2,n,Z,cӎs,HÎPXWXԂPW,,135.40643,33.75601,,,,,,,,,,,,,,,,,,,,,53000,52000,51800,51600,c()-2
304,1135.39533541149633.7378069230602,135.395335411496,33.7378069230602,135.395335411496,33.7378069230602,304,302066,c()5-1,n,,cӎs,CRURԂPO,,135.39534,33.73782,,,,,,,,,,,,,,,,,,,,,87000,85000,84500,84300,c()5-1
305,1135.42141570239733.7264372630065,135.421415702397,33.7264372630065,135.421415702397,33.7264372630065,305,302066,c()9-1,n,H,cӎs,O≮JPSVTԂXVO,,135.42142,33.72645,,,,,,,,,,,,,,,,,,,,,15400,14500,14000,13600,c()9-1
306,1136.00657022642733.7243638357347,136.006570226427,33.7243638357347,136.006570226427,33.7243638357347,306,302074,V{()9-1,n,H,V{s,ڂ̂TTRQԂPRWO,ڂ̂T|TR,136.00657,33.72437,,,,,,,,,,,,,,,,,,,,,20000,19300,18700,18200,V{()9-1
307,1135.2056801818534.0573657545963,135.20568018185,34.0573657545963,135.20568018185,34.0573657545963,307,303666,Lc()5-2,n,,Lc쒬,厚V_QXPԂPO,,135.20569,34.05738,,,,,,,,,,,,,,,,,,,,,63900,63200,63200,63200,Lc()5-2
308,1135.83352213138733.5173306433628,135.833522131387,33.5173306433628,135.833522131387,33.5173306433628,308,304280,{()-4,n,Z,{,RQPW,,135.83352,33.51734,,,,,,,,,,,,,,,,,,,,,22900,24000,24500,25000,{()-4
309,1135.1775872759834.2626787518525,135.17758727598,34.2626787518525,135.17758727598,34.2626787518525,309,302015,a̎R()-13,n,Z,a̎Rs,JJJWRPԂVV,,135.1776,34.26269,,,,,,,,,,,,,,,,,,,,,,45900,45300,45500,a̎R()-13
310,1135.47760705215534.2865310052754,135.477607052155,34.2865310052754,135.477607052155,34.2865310052754,310,303411,炬()-3,n,Z,炬,厚}cOcSSUԂPR,,135.47762,34.28654,,,,,,,,,,,,,,,,,,,,,,22000,21500,21000,炬()-3
311,1135.17153025800134.0250454782839,135.171530258001,34.0250454782839,135.171530258001,34.0250454782839,311,303623,L()-1,n,Z,L쒬,厚LmPQPSԂP,,135.17154,34.02506,,,,,,,,,,,,,,,,,,,,,,25300,24600,23600,L()-1
312,1135.39317789424833.654385826139,135.393177894248,33.654385826139,135.393177894248,33.654385826139,312,304018,l()-1,n,Z,l,hRQSRԂPPO,,135.39318,33.6544,,,,,,,,,,,,,,,,,,,,,,30000,29400,29000,l()-1
313,1135.15175824227834.2049490021752,135.151758242278,34.2049490021752,135.151758242278,34.2049490021752,313,302015,a̎R()9-2,n,H,a̎Rs,lm؂PUUOԂVVO,,135.15177,34.20496,,,,,,,,,,,,,,,,,,,,,,,25000,24500,a̎R()9-2
314,1135.66019648146134.3227033432575,135.660196481461,34.3227033432575,135.660196481461,34.3227033432575,314,302031,{()-9,n,Z,{s,쎚؂QQXUԂP,,135.66021,34.32271,,,,,,,,,,,,,,,,,,,,,,,15500,15300,{()-9
315,1135.32101723428434.2455498663455,135.321017234284,34.2455498663455,135.321017234284,34.2455498663455,315,302091,o()-1,n,Z,os,R莚TQԂUT,,135.32103,34.24556,,,,,,,,,,,,,,,,,,,,,,,26900,26300,o()-1
316,1135.30001792807634.165358773193,135.300017928076,34.165358773193,135.300017928076,34.165358773193,316,303046,I()5-1,n,,I쒬,SWTԂQO,,135.30003,34.16537,,,,,,,,,,,,,,,,,,,,,,,33300,32800,I()5-1
317,1135.16847929136834.2000781748683,135.168479291368,34.2000781748683,135.168479291368,34.2000781748683,317,302015,a̎R()-11,n,Z,a̎Rs,a̎Rs֌˂PڂWRԂPO,֌˂P|R|R,135.168491,34.200089,,,,,,,,,,,,,,,,,,,,,,,,110000,a̎R()-11
318,1135.17673134894734.2561372166146,135.176731348947,34.2561372166146,135.176731348947,34.2561372166146,318,302015,a̎R()3-1,n,,a̎Rs,a̎Rs팩kQWO,,135.176744,34.2561483,,,,,,,,,,,,,,,,,,,,,,,,14100,a̎R()3-1
319,1135.97122272964533.6842513808697,135.971222729645,33.6842513808697,135.971222729645,33.6842513808697,319,302074,V{()5-3,n,,V{s,V{s쎚nXVTԂTO,,135.971222,33.684259,,,,,,,,,,,,,,,,,,,,,,,,44500,V{()5-3
320,1135.19547855751334.0317942061728,135.195478557513,34.0317942061728,135.195478557513,34.0317942061728,320,303615,()-3,n,Z,,󒬑厚RcmJPOԂPQ,,135.195488,34.031809,,,,,,,,,,,,,,,,,,,,,,,,31400,()-3
321,1135.21922925377434.0609137054452,135.219229253774,34.0609137054452,135.219229253774,34.0609137054452,321,303666,Lc()-8,n,Z,Lc쒬,Lc쒬厚Ö쎚gPVQOԂQ,,135.219239,34.060928,,,,,,,,,,,,,,,,,,,,,,,,37800,Lc()-8